date,variant,daily_return,growth_of_1,drawdown
2021-01-05,base,0.0011434839104925223,1.0011434839104925,0.0
2021-01-06,base,0.005846890318125412,1.006997060053623,0.0
2021-01-07,base,0.0063113159084355495,1.0133525366184875,0.0
2021-01-08,base,-0.002352352422538856,1.0109687743240872,-0.0023523524225387282
2021-01-11,base,0.0003508790488811621,1.0113235020860705,-0.0020022987648383728
2021-01-12,base,0.0012189178056647126,1.0125562223100504,-0.0007858215967903037
2021-01-13,base,-0.001525203143697687,1.0110118683766125,-0.002309826202918197
2021-01-14,base,0.003761424854077767,1.0148147135460919,0.0
2021-01-15,base,-0.005170596615381808,1.0095675160229909,-0.005170596615381662
2021-01-19,base,0.010018010163563053,1.0196813736593122,0.0
2021-01-20,base,0.014970878735530288,1.0349468998532447,0.0
2021-01-21,base,-0.00944452748473916,1.0251723154123351,-0.009444527484739229
2021-01-22,base,-0.000500614660648433,1.0246590991215487,-0.009940414076465953
2021-01-25,base,0.0034973044079196847,1.0282426439055214,-0.006477874322512567
2021-01-26,base,-0.002268075970374251,1.0259105114731653,-0.008731257981796747
2021-01-27,base,-0.021437884212165793,1.0039171607161599,-0.029981962496322123
2021-01-28,base,0.0004635417883903016,1.004382518272234,-0.029532318600446916
2021-01-29,base,-0.010314774263086348,0.9940225393224656,-0.039542473663704
2021-02-01,base,0.0006091087623741549,0.9946280071611643,-0.03895745056852451
2021-02-02,base,0.006281558757502251,1.0008758214300044,-0.03292060532581098
2021-02-03,base,-0.0025531910155876967,0.9983203942750104,-0.035389743747653135
2021-02-04,base,0.002519371156802388,1.0008355338815944,-0.032959532490495214
2021-02-05,base,0.014590978786527202,1.0154387039252635,-0.01884946554335054
2021-02-08,base,0.0030310073066154583,1.018516506056281,-0.015875591104522857
2021-02-09,base,-0.0008273145557265377,1.017673872525573,-0.016689771552647836
2021-02-10,base,-0.007151747428684635,1.0103957260244987,-0.02372215795054544
2021-02-11,base,-0.00484046760253061,1.0055049382469416,-0.028447799216054448
2021-02-12,base,0.004145940141332987,1.0096737015327282,-0.02441980194742388
2021-02-16,base,-0.009076925999679816,1.0005089680600927,-0.03327507121190021
2021-02-17,base,0.0068218692713620235,1.007334309445024,-0.02668020012634098
2021-02-18,base,-0.01168811620876721,0.9955604689751523,-0.038056475055558314
2021-02-19,base,-0.007238785001272526,0.9883538207844751,-0.045019777415997386
2021-02-22,base,0.0015905802465186099,0.9899258768483861,-0.04350080473813933
2021-02-23,base,-0.006814613976489822,0.9831799141323261,-0.05001897752267215
2021-02-24,base,-0.0007443177600354824,0.9824481158609273,-0.0507260652693986
2021-02-25,base,-0.008909662093195771,0.9736948351245096,-0.05918377526172658
2021-02-26,base,-0.017527286886657438,0.9566286064092258,-0.07567373114033626
2021-03-01,base,0.008747833785720424,0.9649970344527591,-0.06758787857657678
2021-03-02,base,0.004891891935967634,0.9697176956638313,-0.06302661923878694
2021-03-03,base,-0.012594833294117296,0.9575042629445898,-0.07482764277049991
2021-03-04,base,-0.003673941513917042,0.9539864482832051,-0.07822667190125387
2021-03-05,base,0.01482731474179414,0.9681315056113065,-0.06455924864494278
2021-03-08,base,-0.004518848565880891,0.9637566659455906,-0.06878636374267011
2021-03-09,base,0.00655874016300222,0.9700776954978891,-0.06267877546621381
2021-03-10,base,0.00991283375682378,0.9796939144245623,-0.05338726599066801
2021-03-11,base,4.3130255706851366e-05,0.9797361688736059,-0.05334643834139474
2021-03-12,base,0.0053848485186560125,0.9850118997312387,-0.04824885231221698
2021-03-15,base,0.014441885409926861,0.9992373287145716,-0.03450377129854365
2021-03-16,base,0.004582792604067878,1.003816626154313,-0.030079102322395412
2021-03-17,base,-0.007743531976812049,0.9960435400108315,-0.0375897158085402
2021-03-18,base,-0.007064293546196664,0.9890071960594021,-0.044388464567947206
2021-03-19,base,-0.0016062933698111769,0.9874185603576763,-0.04592345704142686
2021-03-22,base,0.008043110518524726,0.9953604769666757,-0.03824971396327903
2021-03-23,base,-0.0005113203432982254,0.9948515289058876,-0.038741476449702605
2021-03-24,base,-0.005460519386888812,0.9894191228452209,-0.0439904472533611
2021-03-25,base,0.002317413035903034,0.9917120156184741,-0.04177497825337828
2021-03-26,base,0.016838064832479502,1.008410526832607,-0.02564032321310461
2021-03-29,base,0.01088460460214391,1.0193866766938193,-0.015034803391006712
2021-03-30,base,-0.010028682571610022,1.0091635712955285,-0.024912706691881836
2021-03-31,base,0.0009001795621509238,1.0100719997172758,-0.024034953039132945
2021-04-01,base,0.011010832699841674,1.0211937335209573,-0.013288765186153628
2021-04-05,base,0.00964797820592877,1.0310461884059985,-0.0037689966971246047
2021-04-06,base,-0.0007253877472779772,1.0302982801340512,-0.004491650460378915
2021-04-07,base,-0.0024275779223152504,1.0277971507757984,-0.006908324551201828
2021-04-08,base,-0.0005176868731938548,1.0272650736825357,-0.007422435075459699
2021-04-09,base,0.0035521899714479445,1.0309141143752896,-0.003896611003450512
2021-04-12,base,-0.00017839309510257571,1.0307302064156412,-0.004074308970055895
2021-04-13,base,0.004885356312810022,1.0357656907363577,0.0
2021-04-14,base,-0.0031182041882471248,1.032535961821461,-0.0031182041882471534
2021-04-15,base,0.012316286139713925,1.0452529701767987,0.0
2021-04-16,base,0.004542736639210453,1.0500012791416644,0.0
2021-04-19,base,-0.002851326306140753,1.0470073828729665,-0.0028513263061406002
2021-04-20,base,0.0075075252509928855,1.0548678172378612,0.0
2021-04-21,base,0.00739393443877359,1.0626674407200902,0.0
2021-04-22,base,-0.007220853955242473,1.0549940743276591,-0.007220853955242523
2021-04-23,base,0.0034146991757733835,1.0585965617237114,-0.0038308118235186317
2021-04-26,base,-0.005589228304413557,1.0526798238579704,-0.009398628846059243
2021-04-27,base,-0.005736637807010357,1.0466409809817498,-0.015081350123497206
2021-04-28,base,-9.120489291623987e-05,1.0465455222031577,-0.015171179523490341
2021-04-29,base,-0.0005646814882497861,1.0459545573201587,-0.015727294127508396
2021-04-30,base,-0.0017140526676139062,1.0441617361209812,-0.01741438938466877
2021-05-03,base,0.015731990526330623,1.0605884786615933,-0.0019563618671596394
2021-05-04,base,-0.006340716723906723,1.053863587557761,-0.008284673854657143
2021-05-05,base,0.006796276357682134,1.061025935742102,-0.0015447024300245804
2021-05-06,base,0.008900240077786913,1.070469321298965,0.0
2021-05-07,base,0.0018330574477211695,1.0724315530609292,0.0
2021-05-10,base,0.005631524758315564,1.0784709779035906,0.0
2021-05-11,base,-0.006685013336282909,1.071261385033511,-0.006685013336282797
2021-05-12,base,-0.012346973658667104,1.058034548930955,-0.018949447311379042
2021-05-13,base,0.014167843045280931,1.0730246163566934,-0.005050077061400593
2021-05-14,base,0.004937267910758014,1.0783224263624847,-0.00013774273406474968
2021-05-17,base,0.008794157068197268,1.087805363150076,0.0
2021-05-18,base,0.003395119737035279,1.0914985926085594,0.0
2021-05-19,base,-0.00046651221392321,1.0909893951836276,-0.00046651221392313147
2021-05-20,base,0.008380949753043874,1.1001329224857652,0.0
2021-05-21,base,-0.006029691537584304,1.093499460312835,-0.006029691537584259
2021-05-24,base,0.0007384868214890944,1.0943069952535813,-0.0052956575638334336
2021-05-25,base,-0.005524193370454037,1.08826183180516,-0.010790596697881072
2021-05-26,base,0.0007791634103494123,1.0891097656053823,-0.010019840925654666
2021-05-27,base,-0.005171293900425271,1.0834776589176136,-0.015139319283817843
2021-05-28,base,0.0031677023919641266,1.0869097936894065,-0.012019573749761814
2021-06-01,base,-0.0018930633222201713,1.0848522046244113,-0.013889883257767521
2021-06-02,base,-0.0022289443093142214,1.0824341294764668,-0.016087867790837262
2021-06-03,base,0.0023336634291429635,1.0849601664188822,-0.013791748030410722
2021-06-04,base,0.007569448315725121,1.0931727163232103,-0.0063266956385853446
2021-06-07,base,-0.0020888353786785406,1.0908892584783483,-0.008402315591583887
2021-06-08,base,-0.004697863676019338,1.0857644094563832,-0.013060706334391048
2021-06-09,base,0.003932085881122293,1.0900337283610317,-0.009179976272243762
2021-06-10,base,0.009976421235297017,1.1009083639958428,0.0
2021-06-11,base,-0.0007840074147014991,1.1000452436755632,-0.0007840074147014153
2021-06-14,base,-0.0002777269502250814,1.0997397314649275,-0.0010615166249383634
2021-06-15,base,-0.005998438722216493,1.0931430100753483,-0.007053587904727543
2021-06-16,base,-0.0111117380617087,1.0809962912834032,-0.018086948345243714
2021-06-17,base,-0.007151851703525982,1.0732651661160828,-0.025109444876435183
2021-06-18,base,-0.011038172818350945,1.0614182797325773,-0.035870455302867144
2021-06-21,base,0.011009074757863765,1.0731035129235162,-0.02525628106903144
2021-06-22,base,-0.0011977846009748325,1.0718181660604844,-0.026423814085463904
2021-06-23,base,-0.007343018603251021,1.0639477853277999,-0.03357280213031655
2021-06-24,base,0.004254129622439769,1.0684739571180921,-0.02946149555992761
2021-06-25,base,0.004646157530446858,1.0734382554400426,-0.024952220778934886
2021-06-28,base,0.0030248212453802617,1.0766852142807015,-0.022002875541086153
2021-06-29,base,-0.0012528134825947142,1.0753363285277402,-0.023228123524547173
2021-06-30,base,0.009768275776406422,1.0858405103371875,-0.013686746464496968
2021-07-01,base,-0.0012643572150114022,1.084467620053591,-0.014933798742866045
2021-07-02,base,0.005955744363152811,1.0909264319687468,-0.009066996267396599
2021-07-06,base,-0.001221809173702534,1.089593528046333,-0.01027772730188159
2021-07-07,base,0.0024865597872948857,1.0923028674976698,-0.007816723698000239
2021-07-08,base,-0.0071199531895405135,1.0845257222122855,-0.014881022180715409
2021-07-09,base,0.00759734358957204,1.0927652367556608,-0.007396734829614449
2021-07-12,base,-0.0005196589244097973,1.092197371548096,-0.007912549974758654
2021-07-13,base,0.001428098630161761,1.0937571371182702,-0.006495751246376802
2021-07-14,base,0.00460648494136756,1.0987955128999187,-0.0019191888853086203
2021-07-15,base,0.0003225774921609251,1.0991499596008676,-0.001597230480285372
2021-07-16,base,-0.003025849205298554,1.0958240975691054,-0.004618246707004392
2021-07-19,base,-0.01067796164195319,1.0841229298889346,-0.015246894887767093
2021-07-20,base,0.004917160278314438,1.0894537360965943,-0.010404706035362365
2021-07-21,base,-0.002459128205375946,1.086774629685707,-0.012838247734658026
2021-07-22,base,0.0016754521043226668,1.0885954685259385,-0.01118430549951821
2021-07-23,base,0.00846279352073924,1.0978080272036859,-0.0028161624468943103
2021-07-26,base,0.00012229621444008194,1.0979422849695948,-0.002694210638460759
2021-07-27,base,-0.0015735100336775895,1.0962146617677964,-0.004263481304665806
2021-07-28,base,0.0031209973490282524,1.0996359448211395,-0.0011557902694870892
2021-07-29,base,-0.0005686156414868355,1.099010674622973,-0.0017237487105483673
2021-07-30,base,-0.0037934284031561774,1.0948416563144865,-0.005510638196385975
2021-08-02,base,-0.004213923309033265,1.0902280775392423,-0.009701340098675848
2021-08-03,base,0.0034226074441505976,1.09395950027325,-0.006311936533365259
2021-08-04,base,-0.00944543636307628,1.0836265754296364,-0.015697753901587896
2021-08-05,base,0.0019888461155556955,1.0857817419348925,-0.013740128202902269
2021-08-06,base,-0.005792213018741629,1.0794926627937453,-0.019452755472187833
2021-08-09,base,-0.0007261179444118972,1.0787088238004299,-0.020164748421783063
2021-08-10,base,0.007100154102929847,1.0863678226816031,-0.01320776714009464
2021-08-11,base,0.006333041406995105,1.0932478350858728,-0.006958371069291758
2021-08-12,base,0.0041481471481646754,1.0977827879752213,-0.0028390882682342022
2021-08-13,base,0.003099259205629911,1.1011851013866354,0.0
2021-08-16,base,0.009368361016185737,1.1115014009620703,0.0
2021-08-17,base,0.004713407941922255,1.1167403604928225,0.0
2021-08-18,base,-0.013710574168537729,1.1014292089532862,-0.013710574168537715
2021-08-19,base,0.002561091413145769,1.1042500698425244,-0.01118459678916428
2021-08-20,base,0.0044073564916415,1.1091168935562405,-0.00682653480278772
2021-08-23,base,0.0026376492179992,1.1120423548631988,-0.004206891588972805
2021-08-24,base,-0.004916396000837691,1.1065751142769873,-0.0091026048448265
2021-08-25,base,-0.00387274271529238,1.1022896335642474,-0.012940095513515826
2021-08-26,base,-0.0037064490868898734,1.098204053158435,-0.01659858279520532
2021-08-27,base,0.0015054864049545427,1.099857384430331,-0.01511808533099046
2021-08-30,base,0.00465223592194226,1.1049741804631912,-0.01053618230869613
2021-08-31,base,0.0049488456762194445,1.1104425271585106,-0.005639478572738943
2021-09-01,base,-0.009295217968249317,1.1001207218273585,-0.014882276358427426
2021-09-02,base,0.004886363322576049,1.1054963113729015,-0.010068633245205683
2021-09-03,base,0.0019509574430370375,1.1076530876298243,-0.008137319277139787
2021-09-07,base,-0.018127451047116147,1.0875741605066276,-0.026117261467404784
2021-09-08,base,0.0036522818571583654,1.09154628788136,-0.02256036721046273
2021-09-09,base,-0.014440461493884928,1.0757838557424162,-0.03667504659035703
2021-09-10,base,-0.0014675314260666921,1.074205109126459,-0.0380887562329999
2021-09-13,base,-0.0009804758375195996,1.0731518769724204,-0.03903188696535187
2021-09-14,base,-0.0044080222520387685,1.068421399618909,-0.043267855791108145
2021-09-15,base,0.0021924378387110583,1.070763847123122,-0.04117028003663348
2021-09-16,base,-0.007513320828256703,1.0627188548083875,-0.04837427534238592
2021-09-17,base,-0.005765808097134892,1.0565914218303554,-0.053861166651058556
2021-09-20,base,-0.010938813612507715,1.0450335652023786,-0.06421080300061821
2021-09-21,base,-0.0005589855941882339,1.0444494064939873,-0.06473389568093779
2021-09-22,base,-0.0023255145290041945,1.0420205242243756,-0.06690887059501704
2021-09-23,base,0.002822368170793933,1.0449614897852606,-0.06427534389093414
2021-09-24,base,0.0005817463150256023,1.0455693922812868,-0.06373098952036416
2021-09-27,base,-0.0027229775667812536,1.0427223302815916,-0.06628042903237286
2021-09-28,base,-0.0015284416516864686,1.0411285900408456,-0.06770756491563457
2021-09-29,base,0.008477257985265944,1.049954505694458,-0.0598042814257127
2021-09-30,base,-0.0048870368676241635,1.044823339315801,-0.06439905256516754
2021-10-01,base,0.0049969396556529,1.0500442584931797,-0.05972391108906416
2021-10-04,base,-0.0009217859399474758,1.049076342459378,-0.060590644367491175
2021-10-05,base,0.0004803206866352645,1.049580235528521,-0.060139426620762104
2021-10-06,base,-0.0012791677249460625,1.0482376463664917,-0.06134166593217805
2021-10-07,base,0.010274473389515705,1.0590077361699728,-0.05169744585695113
2021-10-08,base,0.00012755931237055614,1.0591428224685937,-0.051576481035225386
2021-10-11,base,-0.0027071333887542333,1.0562755815704294,-0.054143990010094845
2021-10-12,base,-0.0013939506720712315,1.0548031855136069,-0.05546246663090293
2021-10-13,base,0.00399623077495628,1.0590184224650783,-0.05168787667195207
2021-10-14,base,0.011671725142881683,1.071378994413339,-0.04061943821880443
2021-10-15,base,-0.0024220335636868017,1.068784078529441,-0.04294309013978714
2021-10-18,base,-0.004664953522812834,1.0637982504771788,-0.04740771614297179
2021-10-19,base,0.011411715432690301,1.075938013389418,-0.03653700407621896
2021-10-20,base,0.0077268494358221345,1.0842516244211555,-0.029092470569729967
2021-10-21,base,0.0046511661395834646,1.0892946588634516,-0.024576618344177237
2021-10-22,base,0.0049146515059713455,1.0946481624990814,-0.01978275235256277
2021-10-25,base,0.006375826699519287,1.1016274494801228,-0.013533057053682906
2021-10-26,base,-0.0003895587589333846,1.1011983008580963,-0.013917343891705847
2021-10-27,base,-0.010607072433725738,1.0895178107169987,-0.024376794050687267
2021-10-28,base,0.008130817522951724,1.0983764812239445,-0.016444179791956337
2021-10-29,base,0.002365849663584295,1.100975074852537,-0.014117234585600658
2021-11-01,base,0.0037650824594998022,1.1051203367952107,-0.010405304678415939
2021-11-02,base,0.005969031118932879,1.111716834475707,-0.004498383146910423
2021-11-03,base,0.003360192400489709,1.1154524169344087,-0.0011533061792854404
2021-11-04,base,0.0033814043535346774,1.1192242125931915,0.0
2021-11-05,base,-0.01176543125442122,1.1060560570616427,-0.011765431254421088
2021-11-08,base,-0.004144207667514905,1.1014723310692665,-0.015860880531519905
2021-11-09,base,0.003650031830253515,1.1054927401378127,-0.012268741420062401
2021-11-10,base,0.005363615068042331,1.1114221776564273,-0.006970931158366667
2021-11-11,base,0.0049092678143221324,1.1168784467813198,-0.0020958855120161157
2021-11-12,base,0.0018199093036384527,1.1189110642576503,-0.00027979052992044284
2021-11-15,base,-0.005615882737763589,1.112627390926793,-0.005894101996876899
2021-11-16,base,-0.009638657446718862,1.101903156639813,-0.015475948213491963
2021-11-17,base,-0.0016924482598842942,1.1000382425597968,-0.01714220423175239
2021-11-18,base,-0.0012829599966085229,1.098626937499853,-0.01840317146607795
2021-11-19,base,-0.00870613035143775,1.0890621481743783,-0.026949081407852238
2021-11-22,base,-0.000813808573813504,1.0881758600607783,-0.027740958588159614
2021-11-23,base,0.008463182487046899,1.097385290942472,-0.019512552896009727
2021-11-24,base,-0.0017650423477985654,1.0954483594321072,-0.0212431547616333
2021-11-26,base,-0.010463477588997384,1.0839861600732854,-0.03148435507686265
2021-11-29,base,-0.00558704898997649,1.0779298762924994,-0.03689549943260706
2021-11-30,base,-0.01577349659720745,1.0609271530567714,-0.052087024995061904
2021-12-01,base,-0.011565950002328152,1.0486565226484044,-0.06305053907052727
2021-12-02,base,0.0036035431741982256,1.0524354017026725,-0.05967420123602618
2021-12-03,base,0.012217202813589997,1.0652932184534762,-0.04818605024167555
2021-12-06,base,0.012291951002372379,1.078387750497866,-0.036486399807871606
2021-12-07,base,0.0009705734386890117,1.079434405005107,-0.035551239099709364
2021-12-08,base,0.0013933650957837392,1.0809384512282292,-0.034207409859599025
2021-12-09,base,0.0034891692022879883,1.0847100283818236,-0.030837596098283182
2021-12-10,base,0.008502411802366907,1.093932679729283,-0.02259737823693897
2021-12-13,base,0.010768544882322813,1.1057127428891873,-0.012072174236383515
2021-12-14,base,0.002663267770604055,1.1086575520008701,-0.009441057898344485
2021-12-15,base,0.008453334850977993,1.1180294055229991,-0.001067531471128591
2021-12-16,base,0.012121138161835018,1.1315811944163376,0.0
2021-12-17,base,-0.012409114098517467,1.1175392742630887,-0.012409114098517415
2021-12-20,base,0.003816497276414013,1.1218043598595997,-0.008639976172262864
2021-12-21,base,-0.0015072152506898314,1.120113559220129,-0.010134169119100256
2021-12-22,base,0.004822965412113087,1.1255158281738864,-0.005360080454129279
2021-12-23,base,0.003578249021432675,1.1295432040846567,-0.0018010111353362612
2021-12-27,base,0.009616447325915075,1.1404053968090822,0.0
2021-12-28,base,0.004797057806359896,1.14587598742026,0.0
2021-12-29,base,0.003766552438596795,1.1501919894150072,0.0
2021-12-30,base,0.0031092227238370945,1.1537681924852718,0.0
2021-12-31,base,-0.0004961620935290474,1.153195736443441,-0.0004961620935290956
2022-01-03,base,-0.0024946250437980757,1.1503189454789082,-0.0029895493989428035
2022-01-04,base,-0.0025577131614685066,1.1473767595721702,-0.005539616150566751
2022-01-05,base,-0.0002263583215479472,1.1471170412946903,-0.005764720533900869
2022-01-06,base,-0.009108313118274806,1.1366687400992692,-0.014820526772513665
2022-01-07,base,0.002981599350939075,1.1400578308769818,-0.011883116294580165
2022-01-10,base,-0.0018399490736763617,1.1379601825271222,-0.013701201039437949
2022-01-11,base,0.004646177427228325,1.1432473474402645,-0.009118681823204855
2022-01-12,base,0.004072950863399059,1.1479037377110999,-0.005082870902810788
2022-01-13,base,-0.0015210978067668175,1.1461576638532882,-0.00659623716579516
2022-01-14,base,-0.0016534574545426606,1.1442625409199088,-0.008238788022824073
2022-01-18,base,-0.003834481117460672,1.1398748878133338,-0.012041677663180539
2022-01-19,base,0.007643838735526645,1.1485879076344554,-0.0044898835698165
2022-01-20,base,-0.013368054735614796,1.1332335216165328,-0.017797917296113352
2022-01-21,base,-0.003611762698004805,1.1291405510550296,-0.021345398140325877
2022-01-24,base,-0.0030719828474905617,1.1256718506497825,-0.02435180829085648
2022-01-25,base,-0.0062231913777518666,1.1186665792946409,-0.030423453705219927
2022-01-26,base,-0.011651069541945624,1.1056329171850285,-0.04172005747233998
2022-01-27,base,0.0013376806027105544,1.1071119008920653,-0.040438184981253955
2022-01-28,base,0.008336192316137876,1.1163409986133865,-0.032439093152035414
2022-01-31,base,0.008133078097800327,1.1254202871388856,-0.024569844732262425
2022-02-01,base,0.0008879893130359176,1.126419648326539,-0.023703673178771534
2022-02-02,base,0.008171939949792784,1.1356246820509301,-0.01572543822278516
2022-02-03,base,-0.004421880037113907,1.1306030859397154,-0.02007778225854684
2022-02-04,base,-0.008163153708832954,1.1213737991655086,-0.02807703794467087
2022-02-07,base,0.0023085219968794436,1.1239625152476065,-0.02583333240749386
2022-02-08,base,-0.000806188802931315,1.1230563892528993,-0.026618694667095877
2022-02-09,base,0.001161801074633143,1.1243611573728067,-0.02548781922053245
2022-02-10,base,-0.015819198434314105,1.1065746651124913,-0.04090382078493904
2022-02-11,base,0.0017481657150530167,1.1085091410031873,-0.039227161726996806
2022-02-14,base,-0.004819960928796262,1.1031661702543385,-0.04385804926892134
2022-02-15,base,0.002299310490112557,1.1057026918019417,-0.04165958205156861
2022-02-16,base,-0.00027608852174977545,1.1053974199802674,-0.041924168840893006
2022-02-17,base,0.004116093859434632,1.1099473395128832,-0.03798063879538616
2022-02-18,base,-0.005313850269511763,1.1040492455436688,-0.043092665637198824
2022-02-22,base,-0.005498499588449574,1.0979786312214188,-0.04835422022137714
2022-02-23,base,0.0023003423683907857,1.1005043579864051,-0.04616510911445204
2022-02-24,base,-0.0077254883726297,1.0920024243647528,-0.05353394947339696
2022-02-25,base,0.02195198824985975,1.1159740487532261,-0.032757137853345886
2022-02-28,base,-0.010974669188856735,1.1037266027448105,-0.04337230829068828
2022-03-01,base,0.001993338698955032,1.105926703695128,-0.04146542529231201
2022-03-02,base,0.010548442563021487,1.1175925080079678,-0.03135437838633759
2022-03-03,base,0.009087188347674267,1.1277482816241857,-0.022552113180584366
2022-03-04,base,0.010323374589042585,1.1393904495775413,-0.012461552503679418
2022-03-07,base,-0.0058983702245054455,1.1326699028756673,-0.018286419877946103
2022-03-08,base,-0.014339239977869254,1.1164282773226233,-0.03236344649284928
2022-03-09,base,0.005556706139812725,1.1226319411858825,-0.026986574514868855
2022-03-10,base,0.0017422103360066644,1.1245878021573479,-0.025291380467915348
2022-03-11,base,-0.006340887971949811,1.117456916889247,-0.03147189862966204
2022-03-14,base,-0.0021887302510102923,1.1150111051310507,-0.03359174538408494
2022-03-15,base,0.008964902289061008,1.1250070707397686,-0.02492798981011124
2022-03-16,base,0.0032908175404584438,1.1287092637412988,-0.021719205735768243
2022-03-17,base,0.012022077321266233,1.142278693783226,-0.009958238385213924
2022-03-18,base,0.004545774865194031,1.1474712355584726,-0.005457731429773016
2022-03-21,base,0.0025947120989776432,1.1504485930566049,-0.002877180572569249
2022-03-22,base,0.003566395596177757,1.1545515478525108,0.0
2022-03-23,base,-0.00710748961521215,1.146345584715922,-0.007107489615212015
2022-03-24,base,0.006102923561170988,1.153341644194129,-0.0010479425198746117
2022-03-25,base,0.007142895976756181,1.1615798435842686,0.0
2022-03-28,base,0.006544018930973542,1.1691812440705214,0.0
2022-03-29,base,0.01227962336112105,1.1835383493885945,0.0
2022-03-30,base,0.004123497012353362,1.188418666236304,0.0
2022-03-31,base,-0.00925621707379436,1.1774184050870717,-0.009256217073794315
2022-04-01,base,0.010306596005828911,1.1895535809181315,0.0
2022-04-04,base,0.0014153417850205885,1.1912372058067258,0.0
2022-04-05,base,-0.004751364053080116,1.185577204168364,-0.004751364053080076
2022-04-06,base,0.013561579329944493,1.2016555034744671,0.0
2022-04-07,base,0.00738243885142517,1.210526651749346,0.0
2022-04-08,base,0.006629218382119051,1.2185514972811677,0.0
2022-04-11,base,-0.013412771395670002,1.202207344614284,-0.013412771395669987
2022-04-12,base,-0.0027934644092070535,1.1988490211846168,-0.01616876770535436
2022-04-13,base,0.004247379506850765,1.2039409879490044,-0.011990063091106395
2022-04-14,base,0.002644547724236803,1.2071248673488002,-0.009377223660930745
2022-04-18,base,-0.006233507625388421,1.1996002452833854,-0.015552278291123822
2022-04-19,base,0.005929965561559823,1.2067138334255547,-0.009714537204234097
2022-04-20,base,0.005402043384155036,1.2132325539059796,-0.004364972171513215
2022-04-21,base,-0.007163781594665103,1.2045412208662594,-0.011497484058874852
2022-04-22,base,-0.015481516622183089,1.1858930959333136,-0.02680100219048731
2022-04-25,base,-0.0010505617728740315,1.184647241980011,-0.02782340785498516
2022-04-26,base,-0.015458397875497359,1.1663344935713733,-0.04285170042160791
2022-04-27,base,-0.004171231425757974,1.161469442478843,-0.046844187487920075
2022-04-28,base,0.013369372954041654,1.1769975606300653,-0.03410109194713362
2022-04-29,base,-0.03168555271594825,1.1397037423761789,-0.0647061327165196
2022-05-02,base,-0.0003172061475536301,1.1393422213427074,-0.06500281368099103
2022-05-03,base,0.003481259916188331,1.1433085677486887,-0.06174784545450973
2022-05-04,base,0.018514208796987428,1.1644760212913725,-0.04437684916103135
2022-05-05,base,-0.014454730501740894,1.1476438342278663,-0.05819012426763304
2022-05-06,base,-0.010898605943279505,1.1351361163153824,-0.06845453897672915
2022-05-09,base,-0.012641671924206687,1.120786097943605,-0.08023083107746931
2022-05-10,base,-0.006632412125985731,1.1133525826369677,-0.08633111926653891
2022-05-11,base,0.0019358605266674668,1.115507877953958,-0.08456238374588243
2022-05-12,base,0.005772300375244069,1.1219469244964595,-0.07927820285006615
2022-05-13,base,0.00578359596562382,1.1284358122026212,-0.07395311997860787
2022-05-16,base,0.006492859196506947,1.1357625870435488,-0.0679404279772644
2022-05-17,base,-0.015922228080907635,1.1176787160868797,-0.08278089306800362
2022-05-18,base,-0.026457385677346297,1.088107859232008,-0.10704811273073456
2022-05-19,base,-0.003600757458319898,1.0841898467424218,-0.11026341589874011
2022-05-20,base,0.002970584678990224,1.0874105244902716,-0.10762037803367186
2022-05-23,base,0.011470828459324858,1.099884024081564,-0.097384044469499
2022-05-24,base,0.01225968357442437,1.1133682541853684,-0.08631825846546837
2022-05-25,base,0.0027836356107756766,1.1164674657056262,-0.08377490143281718
2022-05-26,base,0.002349724145837025,1.119090856267836,-0.08162202519569195
2022-05-27,base,0.009795687391023128,1.1300531204579882,-0.072625881647708
2022-05-31,base,-0.006184212383920783,1.1230646319559636,-0.07836096015494987
2022-06-01,base,-0.008250523942138537,1.1137987603214419,-0.08596496511920115
2022-06-02,base,0.0072779192886551925,1.1219048978028656,-0.07931269190833545
2022-06-03,base,-0.007743377625007401,1.1132175645198326,-0.08644192140944085
2022-06-06,base,-0.005995490678026217,1.106543278989139,-0.09191915035346598
2022-06-07,base,0.006780188624581007,1.1140458511419478,-0.08576219090649262
2022-06-08,base,-0.010670012390538192,1.1021589681066355,-0.09551711965741894
2022-06-09,base,-0.01997616974101936,1.0801420534781505,-0.11358522320298847
2022-06-10,base,-0.006775863504399103,1.0728231583584213,-0.1195914487388473
2022-06-13,base,-0.0256169255123014,1.0453407274228816,-0.14214480901689752
2022-06-14,base,-0.00844848047497588,1.0365091866975522,-0.14939238184827508
2022-06-15,base,0.005303401164417187,1.042006210725213,-0.14488126841570714
2022-06-16,base,-0.00029255702628829894,1.0417013644868294,-0.1451314394089428
2022-06-17,base,-0.005313568716501268,1.0361662127045554,-0.14967384224921998
2022-06-21,base,0.025628508337820148,1.0627216071262215,-0.1278812512254376
2022-06-22,base,0.0043755405393816095,1.0673715886002793,-0.12406526028501963
2022-06-23,base,0.010399634573036814,1.078471863075364,-0.11495585908215566
2022-06-24,base,0.014610921211251867,1.0942293304953103,-0.10202454887072476
2022-06-27,base,-0.004015355937433145,1.0898356102561924,-0.10563023993008613
2022-06-28,base,-0.013776553907365974,1.074821431221331,-0.11795157314280713
2022-06-29,base,-1.72274751172034e-05,1.074802914761869,-0.11796676861013311
2022-06-30,base,-0.00958684294619445,1.064498948019935,-0.1264226826727921
2022-07-01,base,0.010330616043672173,1.075495877930822,-0.11739809082302355
2022-07-05,base,0.001329929155772088,1.0769262112557947,-0.11622429281106905
2022-07-06,base,0.0015673270796582016,1.0786141068694894,-0.11483912721284795
2022-07-07,base,0.0013962075147055256,1.0801200759909682,-0.11360325895053902
2022-07-08,base,-0.0015218345174629812,1.0784763119763203,-0.11495220810723483
2022-07-11,base,-0.0019176157139130807,1.0764082088533915,-0.11664938966053251
2022-07-12,base,-0.006599043062376043,1.069304944730473,-0.12247865837733873
2022-07-13,base,-0.0015340538979629129,1.0676645733118981,-0.12382482341200063
2022-07-14,base,-0.002343821345397187,1.0651621582952453,-0.12587842149319484
2022-07-15,base,0.011613733148084997,1.0775326673611245,-0.11572660674143398
2022-07-18,base,-0.012094760758580809,1.0645001675398362,-0.1264216818780748
2022-07-19,base,0.01242247679326236,1.0777238961675237,-0.11556967549410802
2022-07-20,base,-0.005768712773276632,1.0715068165616366,-0.12067170000415839
2022-07-21,base,0.006012352732798512,1.077949093498403,-0.1153848680966515
2022-07-22,base,-0.001697013044222856,1.0761197998257281,-0.11688607151460828
2022-07-25,base,-0.008856298205461494,1.06658936197367,-0.1247071918146716
2022-07-26,base,-0.005614388604414003,1.0606011148142158,-0.1296214257824727
2022-07-27,base,0.006797050341455817,1.0678100739838121,-0.12370541879739172
2022-07-28,base,0.0070729385040934475,1.075362628971151,-0.11750744111307543
2022-07-29,base,-0.0014357060314486702,1.0738187243587427,-0.11877444100257795
2022-08-01,base,-0.0053579929625056566,1.068065211190622,-0.12349604134606607
2022-08-02,base,-0.005172315148026782,1.0625408413197004,-0.1280295960487171
2022-08-03,base,0.010005667442543107,1.0731722716220653,-0.11930495016704057
2022-08-04,base,-0.005506180457473736,1.0672631914325572,-0.12415421603942467
2022-08-05,base,-0.0028411490960375306,1.0642309375809844,-0.12664262449679264
2022-08-08,base,0.005785865246958273,1.070388434377472,-0.12158949640969385
2022-08-09,base,0.003252651633661498,1.0738700350672024,-0.1187323330501654
2022-08-10,base,0.009083676185986966,1.0836247227315872,-0.11072718293041306
2022-08-11,base,-0.0015620171005182623,1.081932082384136,-0.11211624227770178
2022-08-12,base,0.015593869884463525,1.098803590500661,-0.09827069848725167
2022-08-15,base,0.007714400865047308,1.1072802018697365,-0.09131439718362311
2022-08-16,base,0.014183127211599832,1.122984897831741,-0.07842639368352922
2022-08-17,base,-0.007660622701217779,1.1143821342302864,-0.08548622137292028
2022-08-18,base,-0.00454369970452119,1.1093187164562606,-0.08964149735864868
2022-08-19,base,-0.006167569386621786,1.1024769163006383,-0.09525619659039042
2022-08-22,base,-0.013965380269910663,1.0870804069257014,-0.10789128785185087
2022-08-23,base,-0.005057528765430576,1.0815824664973388,-0.11240315332543127
2022-08-24,base,-0.0006901225234917787,1.080836042076195,-0.11301570390110172
2022-08-25,base,0.008557028974624886,1.0900847874050599,-0.10542575357934625
2022-08-26,base,-0.0254594488000567,1.0623318295724,-0.1282011208039423
2022-08-29,base,-0.0071597546412504485,1.054725794325071,-0.13444298687550316
2022-08-30,base,-0.008317306184476328,1.0459533169530044,-0.14164208957378033
2022-08-31,base,-0.00319772524857433,1.0426086456225538,-0.14438688233626373
2022-09-01,base,0.0136865507893277,1.0568783618042592,-0.13267648994534387
2022-09-02,base,-0.012501795435223487,1.0436654847250684,-0.14351959104420708
2022-09-06,base,-0.003336534784650859,1.0401832585317436,-0.14637726772106008
2022-09-07,base,0.01796270967243936,1.0588677684108811,-0.13104389041133913
2022-09-08,base,0.0032848173961104185,1.0623459556767378,-0.12818952826610586
2022-09-09,base,0.010401051326778233,1.073395470488527,-0.11912178280237884
2022-09-12,base,0.013900415738315096,1.0883161137799418,-0.10687720936850609
2022-09-13,base,-0.027045771350089152,1.058881765010032,-0.131032404151479
2022-09-14,base,0.0006398540514085905,1.0595592947973362,-0.13047639171473258
2022-09-15,base,-0.007461094642476651,1.0516538226195375,-0.13696398965001666
2022-09-16,base,0.0026257557420283463,1.0544152086829068,-0.13469786789026295
2022-09-19,base,0.0028541657308145812,1.0574246844375792,-0.13222815219799466
2022-09-20,base,-0.01348878684687597,1.0431613082625757,-0.1439333416847155
2022-09-21,base,-0.010859258523390612,1.031833349934554,-0.15322959084061638
2022-09-22,base,0.00199007146641953,1.033886772042359,-0.15154445721073972
2022-09-23,base,-0.01581743723302398,1.0175333329195253,-0.16496484950382007
2022-09-26,base,-0.006392638598927748,1.0110286100598083,-0.1703029274383434
2022-09-27,base,-0.0025957876243996336,1.008404194505901,-0.17245664483129963
2022-09-28,base,0.021679071524104424,1.0302654611638014,-0.15451627324530004
2022-09-29,base,-0.012197242899047285,1.0176990630834875,-0.16482884362771888
2022-09-30,base,-0.01735092247393278,1.000041045538132,-0.17931983361439907
2022-10-03,base,0.02366132653131871,1.0237033432613312,-0.15990145221977226
2022-10-04,base,0.02151624983052047,1.045729600147281,-0.14182568198347556
2022-10-05,base,-0.004035418068538531,1.041509644024041,-0.14528877413235508
2022-10-06,base,-0.008471166311075088,1.0326868426149247,-0.15252917507462282
2022-10-07,base,-0.01839782000859664,1.0136876559592494,-0.16812079077413689
2022-10-10,base,0.0033552213093156116,1.017088802383514,-0.1653296519245656
2022-10-11,base,0.00853418951992295,1.0257688309816464,-0.15820641698742977
2022-10-12,base,-0.004733118580579689,1.0209137454683477,-0.1621907258361993
2022-10-13,base,0.01798522090610891,1.0392751047066788,-0.14712254096317667
2022-10-14,base,-0.009771969057447157,1.02911934054131,-0.15545683310267877
2022-10-17,base,0.010843258874779514,1.0402783479638418,-0.146299232913085
2022-10-18,base,0.013185007358647444,1.0539944256367866,-0.13504318201696108
2022-10-19,base,-0.010194744394068806,1.0432492218746463,-0.1438611956882051
2022-10-20,base,0.0005132403254655215,1.0437846594448228,-0.14342179072963657
2022-10-21,base,0.0222115262378087,1.0669687097947036,-0.12439588135969282
2022-10-24,base,0.013064350499379422,1.0809079629913323,-0.1129566822550756
2022-10-25,base,0.008341428793971857,1.0899242797974615,-0.10555747358293788
2022-10-26,base,0.011567450649844033,1.1025319251160854,-0.09521105379948669
2022-10-27,base,-0.0009954502448854693,1.1014344094412345,-0.0961117261775517
2022-10-28,base,0.023137248363377255,1.126918570928446,-0.0751982386933775
2022-10-31,base,-0.008135278410072931,1.1177507746084616,-0.0827217584957326
2022-11-01,base,-0.0028127166708862743,1.1146068583708244,-0.08530180229745288
2022-11-02,base,-0.017700162765422637,1.0948781355582045,-0.10149210927802665
2022-11-03,base,-0.006757991117785352,1.0874789588430447,-0.10756421762278578
2022-11-04,base,0.01469666122575896,1.103461268691302,-0.09444839126344284
2022-11-07,base,0.009681314717628285,1.1141442245122157,-0.08568146114620967
2022-11-08,base,0.005673623204003459,1.1204654590370149,-0.08049396226831806
2022-11-09,base,-0.010930024712104434,1.1082187438806808,-0.09054418598365477
2022-11-10,base,0.029000036601316014,1.1403571280154852,-0.0641699340899009
2022-11-11,base,-0.0008130628349248175,1.1394299460161543,-0.06493082273629747
2022-11-14,base,-0.005573973217079115,1.1330787940143223,-0.07014287328648161
2022-11-15,base,0.010879182406440112,1.1454057648952731,-0.06002678799303718
2022-11-16,base,-0.0010814406713581398,1.1441670765159073,-0.06104331325448853
2022-11-17,base,4.6117905479459024e-05,1.1442198431049946,-0.06100001053876014
2022-11-18,base,0.010682377306910146,1.1564428311910957,-0.05096925836015043
2022-11-21,base,0.005464190765230843,1.1627618554298076,-0.045783573345761774
2022-11-22,base,0.01152070596201904,1.176157692870066,-0.03479032647014979
2022-11-23,base,0.002438885391355083,1.1790262066851367,-0.03243629069778331
2022-11-25,base,0.0016085919092711522,1.180922778702029,-0.0308798755432953
2022-11-28,base,-0.010351031065009416,1.1686990103343071,-0.04091126805727252
2022-11-29,base,0.004710411214114268,1.1742040632585102,-0.03639356573899877
2022-11-30,base,0.01682272050546234,1.1939573700310864,-0.020183084018160713
2022-12-01,base,0.0043081586902675205,1.1991011278505948,-0.015961877256702506
2022-12-02,base,0.005684522263414671,1.2059174449079473,-0.01036809063991928
2022-12-05,base,-0.011384057980398798,1.192189210795541,-0.02163411767532708
2022-12-06,base,-0.008770749190016087,1.1817328182406102,-0.030215119445265448
2022-12-07,base,0.0034290592898582996,1.1857850501391285,-0.02688966959143524
2022-12-08,base,0.005431052425621351,1.1922251109119522,-0.02160465637107256
2022-12-09,base,-0.014895153020942162,1.1744667354495089,-0.03617800472940269
2022-12-12,base,0.009811772750289032,1.1859903361605133,-0.026721202340077466
2022-12-13,base,0.004179036984261727,1.1909466336383052,-0.022653834248658744
2022-12-14,base,-0.0008650543720937036,1.1899164000459461,-0.023499291822390966
2022-12-15,base,-0.017708133385944975,1.168845201715809,-0.04079129661426972
2022-12-16,base,-0.008100707404050294,1.1593767287360812,-0.04856156565981595
2022-12-19,base,-0.0022561304793738317,1.156761023561303,-0.050708134910778524
2022-12-20,base,0.0010835742378859968,1.1580144600058249,-0.04967950670153298
2022-12-21,base,0.010063963189772688,1.1696686749045482,-0.04011551623849052
2022-12-22,base,-0.004268013090618012,1.1646765136883699,-0.044212315780665534
2022-12-23,base,0.0015300972455948264,1.1664585820139732,-0.04274986767766831
2022-12-27,base,0.002177813606718188,1.1689989113855563,-0.04066515531446402
2022-12-28,base,-0.012350467132395815,1.1545612287526825,-0.05251338878271483
2022-12-29,base,0.007651036413216116,1.1633948187551568,-0.04526413421925668
2022-12-30,base,-0.0009575577857425211,1.1622808009885655,-0.04617834898086248
2023-01-03,base,0.0072939322821787365,1.1707583984438525,-0.03922123844905301
2023-01-04,base,0.011544606489613302,1.1842743434482965,-0.028129425723369406
2023-01-05,base,-0.0030314386345615483,1.1806842884496473,-0.031075591730025165
2023-01-06,base,0.017844259748086472,1.2017527255732277,-0.013785852912594598
2023-01-09,base,-0.015523277630504954,1.1830975843709384,-0.02909512892096411
2023-01-10,base,0.0036668593039877657,1.1874358367557143,-0.02553495736116096
2023-01-11,base,0.0032548435611751882,1.1913007546432874,-0.022363226091537514
2023-01-12,base,-0.00440820200247799,1.1860492602711152,-0.026672846475977008
2023-01-13,base,0.003620382781434511,1.190343212590934,-0.023149029608655947
2023-01-17,base,-0.011244128547441836,1.1769588404929865,-0.03413286749142963
2023-01-18,base,-0.019623352189613138,1.153862962653314,-0.05308641840101702
2023-01-19,base,-0.00315703787541159,1.1502201735771829,-0.05607586044286661
2023-01-20,base,0.009642810443973596,1.1613115286798221,-0.04697377889162624
2023-01-23,base,0.007061429225676787,1.1695120478485572,-0.04024405168105516
2023-01-24,base,-0.004250856481979517,1.164540619979207,-0.0443238364750852
2023-01-25,base,0.002138477739078155,1.1670309641712846,-0.0422801442736197
2023-01-26,base,-0.002159219951436781,1.1645110876295015,-0.044348072093991275
2023-01-27,base,-0.0007295923987052197,1.163661469191759,-0.04504530847639954
2023-01-30,base,-0.004703083463409593,1.1581886721789962,-0.049536540094409665
2023-01-31,base,0.01027205185948563,1.1700856462826876,-0.039773330143713315
2023-02-01,base,-0.007558550777112326,1.1612414945116896,-0.04703125218535964
2023-02-02,base,-0.01091481241707664,1.1485667614281687,-0.05743272730709292
2023-02-03,base,-0.009449025522592677,1.1377139247850323,-0.06633906952352875
2023-02-06,base,-0.0046169926222544115,1.1324611079880635,-0.07064977515122595
2023-02-07,base,0.007224702106696857,1.1406428021406971,-0.06393549662390186
2023-02-08,base,-0.005482659475314463,1.1343890460735913,-0.06906761954284224
2023-02-09,base,0.0010050876643530895,1.135529206510377,-0.06813195089089796
2023-02-10,base,0.011387525843205366,1.1484600746952285,-0.05752027939921067
2023-02-13,base,0.011217354625882036,1.1613427586267517,-0.046948150145529444
2023-02-14,base,-0.009848340071844926,1.149905460199821,-0.056334128868997024
2023-02-15,base,-0.0004147410763477874,1.1494285471715597,-0.056725505868102544
2023-02-16,base,-0.012840637218096008,1.1346691521892065,-0.06883775144433335
2023-02-17,base,0.01138835094138823,1.1475911626967046,-0.05823334897440924
2023-02-21,base,-0.0023366991737395677,1.1449095873750403,-0.06043397432971631
2023-02-22,base,-0.00983378943142521,1.1336507875747743,-0.06967346878307878
2023-02-23,base,-0.0020049566050102602,1.1313778669404513,-0.07153873310665837
2023-02-24,base,-0.006016725884962266,1.1245706764427572,-0.07712503004436044
2023-02-27,base,0.0012139095677959708,1.1259358035465536,-0.07600474328845208
2023-02-28,base,-0.003530832605336132,1.121960312699876,-0.07926721586802521
2023-03-01,base,-0.002627647343446195,1.1190121966647582,-0.08168657692227344
2023-03-02,base,0.005855381233033375,1.1255644396806443,-0.07630950173874151
2023-03-03,base,0.007479092079217808,1.133982639766109,-0.06940113544954707
2023-03-06,base,0.0035915985221038997,1.1380554501391846,-0.066058797942956
2023-03-07,base,-0.011437824820819396,1.125038571264114,-0.07674105380502982
2023-03-08,base,-0.00790598942343198,1.116144028218747,-0.08404032926873617
2023-03-09,base,-0.012327741546305048,1.1023844931104145,-0.09533204335634982
2023-03-10,base,-0.0025955581583974366,1.099523190045631,-0.09768016165185689
2023-03-13,base,0.008908598296579234,1.109318400463521,-0.08964175667697882
2023-03-14,base,0.008296513884700204,1.11852187597552,-0.08208895687119822
2023-03-15,base,0.005506832537449197,1.1246813886359908,-0.07703417447241256
2023-03-16,base,0.0046945384588231755,1.1299612486688653,-0.07270127590829356
2023-03-17,base,-0.003292381834350106,1.1262409847802284,-0.07575429738250916
2023-03-20,base,0.01041096041086077,1.1379662350858644,-0.06613201196265006
2023-03-21,base,-0.0024396151628582204,1.1351900354039282,-0.06841029046637392
2023-03-22,base,-0.013656835352568841,1.11968693199654,-0.08113285774562218
2023-03-23,base,0.009208038810569122,1.129997052722051,-0.07267189343798708
2023-03-24,base,0.012972736189336547,1.144656206381742,-0.0606419105506012
2023-03-27,base,0.004334144418034751,1.1496173116892003,-0.05657059693067823
2023-03-28,base,-0.0007305273157285622,1.148777484840377,-0.05725979788008195
2023-03-29,base,0.004666927077822813,1.1541387455907717,-0.052860098103456266
2023-03-30,base,0.004684434956496076,1.1595452334752636,-0.04842328283831987
2023-03-31,base,0.011770605296086669,1.1731937827414596,-0.03722264889166382
2023-04-03,base,0.00830848947115111,1.182941250932987,-0.029223423406917304
2023-04-04,base,0.001904969623985275,1.1851947180829736,-0.027374123516831106
2023-04-05,base,0.012143740846624958,1.199587415592162,-0.015562806932097994
2023-04-06,base,0.000911252419166122,1.2006805425266216,-0.014665736158397724
2023-04-10,base,-0.0013106351417204961,1.1991068884136062,-0.015957149870929777
2023-04-11,base,-0.0011672542409775874,1.19770722581272,-0.01710577806104674
2023-04-12,base,0.00035098026490549433,1.198127597412115,-0.016760801586656382
2023-04-13,base,0.010226566269353981,1.2103803286861918,-0.006705640765455878
2023-04-14,base,-0.007854500652028681,1.2008733956053235,-0.014507471957720064
2023-04-17,base,0.0019937790508626585,1.2032676718242197,-0.012542617600527661
2023-04-18,base,-4.0465977047092103e-05,1.2032189804222302,-0.012582576028298709
2023-04-19,base,-0.001117961112710699,1.2018738283920427,-0.013686470310312115
2023-04-20,base,-0.00019717653639856974,1.2016368470733723,-0.013880948195899356
2023-04-21,base,0.005857171150384572,1.2086750397472894,-0.008105080134827913
2023-04-24,base,0.004492884247071757,1.2141054767931987,-0.0036486110746152267
2023-04-25,base,-0.0030140487126816056,1.2104461037438103,-0.006651662695784433
2023-04-26,base,-0.01786754650960303,1.1888184016878,-0.024400360312804348
2023-04-27,base,-0.0007223178194331575,1.187959696972191,-0.025105053317182824
2023-04-28,base,0.0007461537053319639,1.1888460975018718,-0.0243776318404062
2023-05-01,base,0.0015363831869605008,1.1906726206579574,-0.02287870203714304
2023-05-02,base,-0.005525106782922675,1.1840940272853198,-0.028277401548255865
2023-05-03,base,-0.006868198132790308,1.1759614348980707,-0.0349513848845322
2023-05-04,base,-0.0004857276939746185,1.1753902378620946,-0.03542013572292557
2023-05-05,base,0.008065811413962728,1.184870713858503,-0.02764001644396097
2023-05-08,base,-0.0008310881753609643,1.1838859818188838,-0.0284481333284885
2023-05-09,base,-0.0031528696582914318,1.1801533436279306,-0.031511309730373416
2023-05-10,base,-0.0021855400120280575,1.177574071275103,-0.033627980514154276
2023-05-11,base,-0.002074781086595346,1.1751308628639565,-0.03563299090279837
2023-05-12,base,-0.00034241894833064685,1.1747284757897438,-0.03596320843985823
2023-05-15,base,-0.0015975732817444755,1.1728517609635176,-0.03750332786067345
2023-05-16,base,-0.013396542403028837,1.157139602615303,-0.05039745534176199
2023-05-17,base,-0.00022034310347642666,1.156884634884107,-0.05060669371352111
2023-05-18,base,0.0028062505711463808,1.1601311430515011,-0.04794245820551213
2023-05-19,base,0.0007839225868560965,1.1610405960582542,-0.04719611879451291
2023-05-22,base,-0.004495093308072564,1.1558216102445122,-0.051479061144825145
2023-05-23,base,-0.0060881690369012,1.1487847729048404,-0.0572538169556156
2023-05-24,base,-0.006286420565341117,1.1415630286833007,-0.06318031594860263
2023-05-25,base,-0.010787431790333275,1.1292484953770134,-0.0732861943901486
2023-05-26,base,7.625509291461069e-05,1.129334606325952,-0.07321552774279672
2023-05-30,base,-0.006161219634237643,1.1223765277758324,-0.07892565042997435
2023-05-31,base,0.003730580181202212,1.1265636434061994,-0.07548950871605475
2023-06-01,base,0.0010818883849164952,1.1277824595268697,-0.07448929155380124
2023-06-02,base,0.016080493914194117,1.1459177585038265,-0.05960662223911062
2023-06-05,base,-0.003904293763138267,1.1414437589462305,-0.0632781942387991
2023-06-06,base,-0.007608632203632554,1.1327589332032768,-0.0704053659359587
2023-06-07,base,0.002473833228975861,1.1355611898926543,-0.06810570384073333
2023-06-08,base,0.010017828002863225,1.1469370465797257,-0.05877014706496042
2023-06-09,base,-0.001402606263642317,1.1453283454941896,-0.06009032195221431
2023-06-12,base,0.0017245880012905044,1.147303565016367,-0.058469364999156115
2023-06-13,base,0.00656509780333075,1.1548357251308095,-0.052288124295543414
2023-06-14,base,-8.425913323847354e-05,1.154738419673577,-0.052367977676750166
2023-06-15,base,0.00885081582329755,1.1649587967501935,-0.04398066117890809
2023-06-16,base,0.0023282436709998163,1.1676711046957027,-0.04175481520394453
2023-06-20,base,-0.008995019212668043,1.1571678806748875,-0.05037424905163168
2023-06-21,base,-0.0019277439263577563,1.1549371573211402,-0.05220488432533532
2023-06-22,base,0.0046516548943917446,1.160309526401708,-0.04779606853662666
2023-06-23,base,-0.0036531791980410236,1.1560707077765686,-0.05127464013134142
2023-06-26,base,0.0005826683765013001,1.1567443136189894,-0.050721847866161185
2023-06-27,base,-0.00048186572768710415,1.1561869181785593,-0.051179272473716786
2023-06-28,base,-0.003430104740846608,1.1522210759492102,-0.05443382694941823
2023-06-29,base,0.0012043987625106848,1.1536088095872223,-0.05329498822072398
2023-06-30,base,0.011341741278776253,1.1666927422424775,-0.04255770490980271
2023-07-03,base,0.00355740767069827,1.170843143953079,-0.03915169234499771
2023-07-05,base,-0.00205555751551492,1.1684364085290373,-0.0411267713050677
2023-07-06,base,-0.00852686881808968,1.1584733045512303,-0.04930295753932756
2023-07-07,base,-0.01285952090702948,1.1435758928711182,-0.06152846603310169
2023-07-10,base,0.005303810948114789,1.149641203211728,-0.056550990436754156
2023-07-11,base,0.011962016445210472,1.1633932301906384,-0.045265437869140834
2023-07-12,base,0.0015310340130780405,1.1651744247966451,-0.04380370678105727
2023-07-13,base,0.001366117404746972,1.166766189857926,-0.04249743038253628
2023-07-14,base,0.004309225069239148,1.1717940479732025,-0.03837133630567968
2023-07-17,base,-0.004064718333413911,1.1670310352234206,-0.042280085964934266
2023-07-18,base,0.0031906193623558996,1.1707545870408747,-0.03922436626350023
2023-07-19,base,0.004008708884063658,1.1754478013550038,-0.035372896444948676
2023-07-20,base,0.007595323203227445,1.1843757073148182,-0.028046241822854867
2023-07-21,base,0.007244553663501386,1.1929559806842078,-0.021004870663298703
2023-07-24,base,-0.0034328293486598927,1.1888607663820558,-0.024365593875480762
2023-07-25,base,0.0006580715715286288,1.1896431218549175,-0.023723556608605034
2023-07-26,base,0.002504103844615647,1.192622111770075,-0.021278859013300955
2023-07-27,base,-0.004727737575049805,1.1869837073994243,-0.025905995727039444
2023-07-28,base,0.004656738316328689,1.192511179910529,-0.021369894853635496
2023-07-31,base,-0.0027060190591433834,1.1892842219294495,-0.024018086570013142
2023-08-01,base,-0.00819452239869427,1.179538605734435,-0.03201579222033557
2023-08-02,base,-0.009984350781001093,1.1677616785350495,-0.04168048610127717
2023-08-03,base,-0.0033316407898948183,1.163871116093966,-0.044873262483534404
2023-08-04,base,-0.004085659793308713,1.1591159346703477,-0.04877558539251947
2023-08-07,base,0.011304818621448819,1.1722195300730271,-0.03802216591708807
2023-08-08,base,-0.004395376438327902,1.1670671839699964,-0.04225042062320972
2023-08-09,base,0.0014706907516205264,1.1687835788839809,-0.04084186717445182
2023-08-10,base,-0.0010405620201453156,1.1675673870820247,-0.041839930698783556
2023-08-11,base,0.006285882410057571,1.1749065783830404,-0.035817049173143656
2023-08-14,base,-0.0024166704279072557,1.1720672163995083,-0.03814716159749931
2023-08-15,base,-0.008156072893039145,1.1625077507470125,-0.04599210345988658
2023-08-16,base,-0.0040070568563642436,1.1578495160938052,-0.04981486734274332
2023-08-17,base,-0.009772555223873994,1.1465343677568427,-0.059100604024540315
2023-08-18,base,0.0017269206740051465,1.1485143416599795,-0.05747574540547129
2023-08-21,base,-0.0005004043945844781,1.1479396200361696,-0.0579473886844728
2023-08-22,base,-0.003411839017930324,1.144023034850302,-0.06116152054070234
2023-08-23,base,0.010907622367570546,1.1565016060942512,-0.05092102494261608
2023-08-24,base,-0.00876976844049651,1.1463593548077424,-0.059244227785613
2023-08-25,base,0.002828293833943598,1.1496015959024288,-0.05658349403581209
2023-08-28,base,0.005650036957007786,1.1560968874051127,-0.051253155911263226
2023-08-29,base,0.008542515065594702,1.165972862483058,-0.04314847170219982
2023-08-30,base,0.0015360446303033597,1.1677638488375548,-0.04167870505016025
2023-08-31,base,-0.004363317666316575,1.162668524205836,-0.04586016528642223
2023-09-01,base,-3.477225346628908e-05,1.1626280956012152,-0.04589334287859714
2023-09-05,base,-0.010620558226848095,1.150280336215713,-0.0560264881851783
2023-09-06,base,-0.002403457849412973,1.1475156859126099,-0.05829528873178769
2023-09-07,base,0.0063333876305883595,1.154783347563675,-0.05233110776177463
2023-09-08,base,0.00590474330694385,1.1616020468061719,-0.046735366213132123
2023-09-11,base,0.005749464214304232,1.1682806362055467,-0.04125460531441261
2023-09-12,base,-0.0030198245503678615,1.1647526336586138,-0.04414984819483625
2023-09-13,base,0.00016153918695538408,1.1649407868520592,-0.043995440938462416
2023-09-14,base,0.010161822835690325,1.1767787087421195,-0.03428069197916683
2023-09-15,base,-0.007379173228831916,1.1680950547983102,-0.0414069020434803
2023-09-18,base,-0.0003833267203952341,1.1676472927518444,-0.041774356391913514
2023-09-19,base,-0.0004255340127537761,1.1671504191138786,-0.042182113995161585
2023-09-20,base,0.0015075453915659271,1.1689099513494778,-0.04073816005515574
2023-09-21,base,-0.011593936501305227,1.1553576835977881,-0.051859780915601617
2023-09-22,base,-0.0001002313110025193,1.1552418805824842,-0.051954814252774706
2023-09-25,base,-0.00031438650422413905,1.1548786881261146,-0.052252866864568204
2023-09-26,base,-0.005973324931558179,1.1479802224654057,-0.05791406844373892
2023-09-27,base,-0.009132105143874572,1.137496746370763,-0.06651729622527569
2023-09-28,base,0.001632460197950551,1.1393536645345115,-0.06499342286588827
2023-09-29,base,-0.0068553523093304505,1.1315429937592008,-0.0714032223636838
2023-10-02,base,-0.009456076123679135,1.120843037072998,-0.0801841041812158
2023-10-03,base,-0.008341149372274283,1.1114939178778986,-0.08785642596323251
2023-10-04,base,0.007508255240798236,1.119839297911921,-0.0810078191931104
2023-10-05,base,-0.0032568652040462203,1.116192132268428,-0.08400085284957093
2023-10-06,base,0.005557457494878548,1.1223953225996277,-0.07891022652393742
2023-10-09,base,0.004400407719167466,1.1273343196411527,-0.07485705597468695
2023-10-10,base,0.011204299808409028,1.139965311342721,-0.06449147706419323
2023-10-11,base,0.0048842345796087224,1.1455331693359356,-0.0599222339869514
2023-10-12,base,-0.0021696440310781263,1.143047770132684,-0.06196186810073079
2023-10-13,base,0.0036231519446362536,1.1471892058838524,-0.05856321341899695
2023-10-16,base,0.007359735869766987,1.1556322154318053,-0.051634487331678636
2023-10-17,base,0.005995430902195933,1.1625607285277781,-0.04594862743045014
2023-10-18,base,-0.008795188643461321,1.1523357876108966,-0.05433968922775245
2023-10-19,base,-0.010762254970431784,1.1399340560530749,-0.06451712660770115
2023-10-20,base,-0.003420449598173306,1.136034969069104,-0.06771689862609387
2023-10-23,base,-0.0025075223012815022,1.1331863360491277,-0.07005461929389678
2023-10-24,base,0.011071665575433392,1.1457325961965144,-0.05975857503529969
2023-10-25,base,-0.008368008527082285,1.1361450960617858,-0.0676265232969202
2023-10-26,base,-0.0016665536629603367,1.1342516492902897,-0.06918037372976682
2023-10-27,base,-0.011232918230633144,1.1215106932608512,-0.07963619447912873
2023-10-30,base,0.008142047410853032,1.1306420864971598,-0.07214254873934456
2023-10-31,base,0.0022609571069360647,1.1331984197580265,-0.07004470284069331
2023-11-01,base,0.005627042316928208,1.139574975219481,-0.06481180503072637
2023-11-02,base,0.012566536898941497,1.153895486194687,-0.053059728071190415
2023-11-03,base,0.003762486719659023,1.1582370026373692,-0.0494968778737479
2023-11-06,base,-0.004259880390644136,1.1533030515421157,-0.05354590748493959
2023-11-07,base,-0.0008386322415289413,1.1523358544188387,-0.05433963440204981
2023-11-08,base,-0.006631590911102245,1.1446940344401375,-0.06061086708753882
2023-11-09,base,-0.012691712161704193,1.1301659072418033,-0.07253332357029663
2023-11-10,base,0.005744244706136443,1.1366578567715329,-0.06720572802409741
2023-11-13,base,0.0028693804792193616,1.1399193606373044,-0.06452918634896221
2023-11-14,base,0.010016151503215803,1.1513369656548964,-0.05515936895259688
2023-11-15,base,0.00418906346615415,1.1561599892749541,-0.051201371583738164
2023-11-16,base,-0.016208031577013535,1.137420911660706,-0.06657952971333625
2023-11-17,base,-0.0004820402962093237,1.1368726289475344,-0.06702947599332099
2023-11-20,base,0.004722556112863345,1.1422415737309177,-0.06262347034205185
2023-11-21,base,0.0017366954218161418,1.1442252994426243,-0.060995532814476894
2023-11-22,base,0.0005394811834849977,1.144842587461341,-0.060488957573222035
2023-11-24,base,0.002772357489997712,1.148016500383558,-0.0578842970978144
2023-11-27,base,0.00227712193294662,1.1506306739359662,-0.055738984767362276
2023-11-28,base,0.0052135768070921615,1.1566295753311275,-0.05081600743850412
2023-11-29,base,0.0005665074048301208,1.1572848145501982,-0.050278287678171885
2023-11-30,base,0.008572674376135968,1.1672058404257841,-0.042136632690490394
2023-12-01,base,0.006395174180810325,1.1746703250801662,-0.03601092961512842
2023-12-04,base,0.004075848828144906,1.179458103748101,-0.03208185589225576
2023-12-05,base,0.0030680317893071974,1.183076718704556,-0.0291122522566859
2023-12-06,base,-0.0013717193930882616,1.181453869425998,-0.030444037808777025
2023-12-07,base,-0.004177874520760584,1.176517903407469,-0.034494720959667324
2023-12-08,base,-0.00010614755275001114,1.176393018911256,-0.03459720698220459
2023-12-11,base,0.004900511352970008,1.1821579462559852,-0.029866239634831815
2023-12-12,base,0.0027878305418406685,1.1854536022838373,-0.02716167110801504
2023-12-13,base,0.021136801154631884,1.2105102993533527,-0.006598980794620957
2023-12-14,base,-2.1870937357457067e-05,1.210483824358425,-0.006620707406082782
2023-12-15,base,-0.006655545569274971,1.2024273941045374,-0.013232188555515667
2023-12-18,base,0.0017623687522538938,1.2045465145707612,-0.01149313979889599
2023-12-19,base,0.004319922533517219,1.2097500622017252,-0.007222866738976763
2023-12-20,base,-0.01347933221371197,1.1934434392177493,-0.020604839532378794
2023-12-21,base,0.008264152574376156,1.203306237888333,-0.012510968495668795
2023-12-22,base,0.009352939059595673,1.214560687801334,-0.0032750437619896156
2023-12-26,base,0.000977031562846438,1.2157473519283082,-0.0023012120202684505
2023-12-27,base,0.0043706970277161885,1.221061015265835,0.0
2023-12-28,base,0.0015561613883816453,1.2229611832706497,0.0
2023-12-29,base,-0.00050374673323413,1.222345120569705,-0.0005037467332341672
2021-01-05,momentum,0.0026726475970907703,1.0026726475970908,0.0
2021-01-06,momentum,0.009786264344565946,1.0124850671775416,0.0
2021-01-07,momentum,0.006787962625192507,1.0193577779721084,0.0
2021-01-08,momentum,-0.003100660212321603,1.0161970958678297,-0.003100660212321582
2021-01-11,momentum,0.002730935485365264,1.0189722645770602,-0.0003781924299582906
2021-01-12,momentum,0.00031270365427049754,1.0192909009277937,-6.560703784264099e-05
2021-01-13,momentum,0.0012201788497269966,1.020534618126825,0.0
2021-01-14,momentum,0.006200856347362163,1.0268628066913397,0.0
2021-01-15,momentum,-0.003595461628046004,1.0231707608726133,-0.003595461628046026
2021-01-19,momentum,0.017136092639069667,1.0407039098165136,0.0
2021-01-20,momentum,0.011592895977617548,1.0527686819865163,0.0
2021-01-21,momentum,-0.011408066388161341,1.040758626971037,-0.011408066388161386
2021-01-22,momentum,-0.0019575730016800088,1.038721265981613,-0.013343307267078552
2021-01-25,momentum,0.004022486531788842,1.0428995082843067,-0.009374494009060985
2021-01-26,momentum,-0.007613545589922338,1.0349593453322765,-0.016916666461462837
2021-01-27,momentum,-0.028329781253958658,1.005639173472273,-0.044767202255022065
2021-01-28,momentum,0.002056538505941809,1.0077073091556024,-0.042802729224320823
2021-01-29,momentum,-0.008349939083419553,0.9992930145102364,-0.050795268126113124
2021-02-01,momentum,-0.0012575775067581742,0.9980363260925278,-0.05198896664622621
2021-02-02,momentum,0.00915133299913773,1.0071696888578365,-0.04331340199314915
2021-02-03,momentum,-0.012180381472290632,0.9949019778402198,-0.054966209706300506
2021-02-04,momentum,-0.0019146602896349546,0.9929970785311699,-0.05677562837693906
2021-02-05,momentum,0.01632968213609069,1.0092124051856506,-0.04137307420532066
2021-02-08,momentum,0.003501425906846877,1.012746087646679,-0.038016513052342105
2021-02-09,momentum,-0.0018665696079860719,1.010855726578871,-0.039812122192462995
2021-02-10,momentum,-0.0074140436193727574,1.0033611981291224,-0.046930997001321084
2021-02-11,momentum,-0.0012882977498441675,1.0020685701552916,-0.04815883365333051
2021-02-12,momentum,0.003947973049874921,1.0060247098643913,-0.04440099038083245
2021-02-16,momentum,-0.013181093346046786,0.9927642042552391,-0.0569968301280126
2021-02-17,momentum,0.006317261528990553,0.9990357553701398,-0.051039632481264086
2021-02-18,momentum,-0.0006330047268363792,0.9984033610147119,-0.05164032887948378
2021-02-19,momentum,-0.00891068289374721,0.9895069052646585,-0.060090861178057065
2021-02-22,momentum,-0.001993067516553751,0.9875347511943698,-0.06196416355115508
2021-02-23,momentum,-0.006447461542743381,0.9811676588639215,-0.06801211353237402
2021-02-24,momentum,-0.001693137656022668,0.9795064069538275,-0.06959009731790933
2021-02-25,momentum,-0.011698421076239005,0.9680477285584077,-0.080474424132987
2021-02-26,momentum,-0.01561648794586755,0.9529302228743508,-0.09483418420443113
2021-03-01,momentum,0.010764493472778669,0.9631880340384953,-0.0850905326885174
2021-03-02,momentum,0.0014938280331986864,0.9646268713249835,-0.08372381527840866
2021-03-03,momentum,-0.014405165856447194,0.9507312612539613,-0.09692292568963579
2021-03-04,momentum,-0.0016702938754435829,0.9491432606510961,-0.09843132979590996
2021-03-05,momentum,0.01425359828904709,0.9626719674071731,-0.0855807321408305
2021-03-08,momentum,-0.0009019398061577656,0.9618036952394964,-0.08640548327803033
2021-03-09,momentum,0.0063190202890519,0.9678813523037999,-0.08063246099089749
2021-03-10,momentum,0.010294103966221586,0.9778448235713825,-0.07116839596116842
2021-03-11,momentum,-0.0023592295644356926,0.9755378631541824,-0.07335972294179915
2021-03-12,momentum,0.010153769425074231,0.9854432496820796,-0.06395083122856327
2021-03-15,momentum,0.007711056471549203,0.9930420582298851,-0.05673290322801994
2021-03-16,momentum,0.0064242967981761635,0.9994216551450257,-0.050673075438402826
2021-03-17,momentum,-0.012483858500944061,0.9869450166194159,-0.0625243384357661
2021-03-18,momentum,-0.007480940028781852,0.9795617401383809,-0.06953753763837078
2021-03-19,momentum,-0.004725690689918805,0.9749326343428083,-0.07393461543407209
2021-03-22,momentum,0.010247629819880368,0.9849233830788742,-0.06444464018403528
2021-03-23,momentum,0.007267442690071023,0.9920812573195107,-0.0576455452231841
2021-03-24,momentum,-0.007317433959534773,0.984821768236583,-0.0645411617124868
2021-03-25,momentum,0.0025413364798505416,0.9873245317223536,-0.06216384604134806
2021-03-26,momentum,0.014305452708099999,1.0014486561184546,-0.048747675292946324
2021-03-29,momentum,0.012004670397012675,1.013470717154688,-0.03732820467044595
2021-03-30,momentum,-0.007177783550958442,1.006196243711717,-0.04423805444793416
2021-03-31,momentum,0.000785088950259374,1.0069861972644476,-0.04348769630540272
2021-04-01,momentum,0.010251719634235651,1.0173095374343477,-0.03368180034122892
2021-04-05,momentum,0.010709066526518794,1.0282039729487942,-0.02333343445529734
2021-04-06,momentum,-0.0009563130844157917,1.0272206880360149,-0.024267433471039213
2021-04-07,momentum,-0.0013164445677723252,1.0258684089413466,-0.025551931307844722
2021-04-08,momentum,-2.3114488050890733e-05,1.0258446965182664,-0.0255744551760847
2021-04-09,momentum,0.004128899798568562,1.030080306479083,-0.021551149740341335
2021-04-12,momentum,-0.0006038512888507896,1.0294582911583958,-0.02214198733964523
2021-04-13,momentum,0.0021621892161990588,1.0316841747740653,-0.020027673289697123
2021-04-14,momentum,-0.0023425121380325526,1.029267442072041,-0.022323270359952074
2021-04-15,momentum,0.011219606361797998,1.040815417613104,-0.011354122304300773
2021-04-16,momentum,0.0021252035587771747,1.0430273622426454,-0.009253048566651545
2021-04-19,momentum,-0.00423691135792944,1.0386081477649283,-0.013450755578013451
2021-04-20,momentum,0.005221520510429723,1.0440312615107823,-0.008299468463715098
2021-04-21,momentum,0.00817658222236537,1.0525678689632452,-0.0001907475276451409
2021-04-22,momentum,-0.004557576506397732,1.047770710372269,-0.004747454687592301
2021-04-23,momentum,0.005215134293474302,1.0532349753356294,0.0
2021-04-26,momentum,-0.005066367604352267,1.0478988997768182,-0.0050663676043523065
2021-04-27,momentum,-0.01002433671092284,1.0373944083664497,-0.015039917340507802
2021-04-28,momentum,0.00361767928949773,1.0411473686326378,-0.011476647648488547
2021-04-29,momentum,0.0031289934080504585,1.0444051118858984,-0.008383564595276782
2021-04-30,momentum,-0.008524294469147918,1.0355022951670996,-0.016836395091113454
2021-05-03,momentum,0.011675226467612742,1.0475920189709083,-0.005357737349087621
2021-05-04,momentum,-0.005907353314631262,1.0414035227852592,-0.011233440616230883
2021-05-05,momentum,0.006876636354607638,1.0485648761098607,-0.004434052547752199
2021-05-06,momentum,0.006513835401204261,1.0553950551203244,0.0
2021-05-07,momentum,0.0025191531945980175,1.0580537569449937,0.0
2021-05-10,momentum,0.0034094272311119434,1.0616611142359023,0.0
2021-05-11,momentum,-0.006858281359822066,1.0543799436056902,-0.006858281359822138
2021-05-12,momentum,-0.00795867749219046,1.0459884736802985,-0.014762376002519173
2021-05-13,momentum,0.013101643801798579,1.0596926420832447,-0.0018541435927738048
2021-05-14,momentum,0.0012026948847376384,1.0609671290032723,-0.0006536786770507952
2021-05-17,momentum,0.008040965477710797,1.0694983290605735,0.0
2021-05-18,momentum,0.0011636061752244595,1.0707428039206606,0.0
2021-05-19,momentum,-6.126530843268064e-06,1.070736243981847,-6.126530843308942e-06
2021-05-20,momentum,0.010370271532574568,1.0818400695717079,0.0
2021-05-21,momentum,-0.00736681974341417,1.0738703487879704,-0.0073668197434142435
2021-05-24,momentum,-0.0007253322491434967,1.0730914359925954,-0.008086808600624273
2021-05-25,momentum,-0.00705830002794904,1.0655172346799369,-0.015088029507201672
2021-05-26,momentum,0.001250038368940625,1.0668491721060542,-0.01385685175405682
2021-05-27,momentum,-0.007675782766740207,1.0586602696160916,-0.021426272336901864
2021-05-28,momentum,0.003877588496378019,1.0627653184991275,-0.017631766107657598
2021-06-01,momentum,-0.0029146887966976192,1.0596676883317793,-0.020495063793215307
2021-06-02,momentum,-0.005054404124805841,1.0543116995969517,-0.025445877583046506
2021-06-03,momentum,0.002277079871938136,1.0567124515468527,-0.023226740006776603
2021-06-04,momentum,0.009820747422286566,1.0670901576314797,-0.013634096531539575
2021-06-07,momentum,-0.00236004335633575,1.0645717785943503,-0.01596196282893647
2021-06-08,momentum,-0.004710581345365833,1.0595570266333008,-0.020597354049964878
2021-06-09,momentum,0.0017510537266756745,1.0614123679134124,-0.018882367396858002
2021-06-10,momentum,0.00803355620301207,1.069939283825617,-0.011000503753574531
2021-06-11,momentum,0.0010500411024891058,1.0710627640508017,-0.009962013632174638
2021-06-14,momentum,0.0010259889844582946,1.0721616626483814,-0.008946245563965838
2021-06-15,momentum,-0.009442042080713402,1.0620382671123276,-0.01830381681760007
2021-06-16,momentum,-0.014204967621228207,1.0469520479154917,-0.03224877931358938
2021-06-17,momentum,-0.006182925598689873,1.0404788212978342,-0.038232313109134775
2021-06-18,momentum,-0.011393436717646883,1.0286241916913255,-0.049190152386803465
2021-06-21,momentum,0.009591081847113722,1.038489810503758,-0.04007085731730364
2021-06-22,momentum,-8.701029449068608e-05,1.0383994511995207,-0.040154381034698594
2021-06-23,momentum,-0.008876039659786696,1.029182576487973,-0.04867400881590711
2021-06-24,momentum,0.00487534068296375,1.0342001921733224,-0.044035970508326416
2021-06-25,momentum,0.004529402323676343,1.0388845009268988,-0.03970602481179575
2021-06-28,momentum,0.006231043586156333,1.0453578355331565,-0.0337223911968747
2021-06-29,momentum,-0.0008311922243345884,1.044488942228614,-0.034525553631860606
2021-06-30,momentum,0.010493057211692487,1.0554488244563993,-0.02439477502969234
2021-07-01,momentum,-0.003358690695268389,1.0519038983103657,-0.027671531221055368
2021-07-02,momentum,0.005964715068773791,1.0581782053435194,-0.021871868951531814
2021-07-06,momentum,-0.000323719704655098,1.057835652207413,-0.02218850830122976
2021-07-07,momentum,0.0035947500435130012,1.0616383069642152,-0.018673520398898136
2021-07-08,momentum,-0.007046196971813204,1.0541577943405231,-0.025588140067823395
2021-07-09,momentum,0.008742157496049067,1.0633734078043358,-0.01706967812227822
2021-07-12,momentum,0.0005269277164162193,1.0639337287258077,-0.016551744892374987
2021-07-13,momentum,-0.00045631243296831393,1.0634482425375358,-0.017000504558361662
2021-07-14,momentum,0.005936919865911986,1.069761849535026,-0.011164515325692737
2021-07-15,momentum,0.00010648803945667282,1.0698757663770684,-0.01105921617358474
2021-07-16,momentum,-0.0028112254277096846,1.0668681044181387,-0.013839351651576792
2021-07-19,momentum,-0.011416794675284107,1.0546878903243873,-0.025098145290615825
2021-07-20,momentum,0.006966977183616887,1.0620358767921143,-0.018306026312589707
2021-07-21,momentum,-0.0035677529836536997,1.0582467951239418,-0.02180846791624791
2021-07-22,momentum,0.001363304636886559,1.0596895078867046,-0.020474894864795035
2021-07-23,momentum,0.00958569105610004,1.0698473641246973,-0.01108546982527503
2021-07-26,momentum,0.000360608154301045,1.070233159808058,-0.010728859181787231
2021-07-27,momentum,-0.003511554273715128,1.0664749779818625,-0.014202738484190403
2021-07-28,momentum,0.001286538363650573,1.0678470389549097,-0.012934472488468574
2021-07-29,momentum,-0.0014620975598563471,1.0662857424049539,-0.01437765858766149
2021-07-30,momentum,-0.0025861205224353393,1.0635281989637402,-0.016926596752158796
2021-08-02,momentum,-0.0037089891645266703,1.0595835843976151,-0.02057280535273931
2021-08-03,momentum,0.00805328558887386,1.0681167136080516,-0.012685198440735568
2021-08-04,momentum,-0.009201546424383693,1.0582883880811271,-0.021770021422764185
2021-08-05,momentum,0.007482935641093056,1.0662074919788542,-0.014449989450882939
2021-08-06,momentum,-0.0039072779908049865,1.0620415229118139,-0.018300807315939083
2021-08-09,momentum,0.000637311122505333,1.0627183737869281,-0.017675159501487014
2021-08-10,momentum,0.011570221941386759,1.0750142612328324,-0.006309443078381993
2021-08-11,momentum,0.004743867742049863,1.0801139867089384,-0.0015955064998218749
2021-08-12,momentum,0.005484711938322466,1.08603810078659,0.0
2021-08-13,momentum,0.003552877228742028,1.089896660824421,0.0
2021-08-16,momentum,0.010322217992516602,1.1011468117467667,0.0
2021-08-17,momentum,0.004913967759893886,1.1065578116786003,0.0
2021-08-18,momentum,-0.012289198837805129,1.0929591027053556,-0.012289198837805104
2021-08-19,momentum,0.004172884826009858,1.097519895160484,-0.008167595423149265
2021-08-20,momentum,0.006689986622866115,1.104862288577437,-0.0015322499044051474
2021-08-23,momentum,-0.001954141265201365,1.1027032315869632,-0.0034833969368396334
2021-08-24,momentum,-0.006056779801655053,1.0960244009266675,-0.009519078570286443
2021-08-25,momentum,-0.002253781524948384,1.0935542013809665,-0.011751406171818468
2021-08-26,momentum,-0.0048802644184960916,1.08821736772227,-0.016574320620907024
2021-08-27,momentum,-0.002957868433359074,1.084998563921651,-0.019483164394497265
2021-08-30,momentum,0.007273616959779032,1.0928904278775275,-0.012351260509688156
2021-08-31,momentum,0.0035437628800929566,1.096763372407849,-0.00885126756811161
2021-09-01,momentum,-0.012204171097972349,1.0833782845569944,-0.020947416282248832
2021-09-02,momentum,0.004012551287771243,1.087725395487837,-0.01701891757665641
2021-09-03,momentum,0.002374076189171474,1.0903077384496218,-0.014685245594469154
2021-09-07,momentum,-0.014258088182937596,1.0747620345682678,-0.028733950250732665
2021-09-08,momentum,0.003482257910010724,1.0785046331645223,-0.02535175136626855
2021-09-09,momentum,-0.012281725165508964,1.0652587356702676,-0.037322113289032566
2021-09-10,momentum,-0.0018767050108345082,1.0632595592632001,-0.039128775702842455
2021-09-13,momentum,-0.0035017918007168736,1.0595362456565385,-0.042493546677631056
2021-09-14,momentum,-0.004300017938004533,1.0549802207942494,-0.04661084160267237
2021-09-15,momentum,8.540080544242263e-05,1.055070316954831,-0.0465294214006452
2021-09-16,momentum,-0.0021250518844167,1.0528282377895941,-0.048555595850433564
2021-09-17,momentum,-0.006412141713068579,1.046077353929367,-0.05465639220194651
2021-09-20,momentum,-0.010843723947650395,1.0347339798754684,-0.06490743732058446
2021-09-21,momentum,-0.0005549301352674317,1.0341597748080504,-0.06542634836287964
2021-09-22,momentum,-0.003324414516762789,1.0307217990400264,-0.06853325857736614
2021-09-23,momentum,0.0007725023477816672,1.0315180340496946,-0.06781369833273665
2021-09-24,momentum,0.0014669880794416622,1.0330312587093744,-0.06644619214037206
2021-09-27,momentum,-0.006055848544215437,1.0267753778651902,-0.07209965260864559
2021-09-28,momentum,-0.004821704187955722,1.021824570725648,-0.07657371359966791
2021-09-29,momentum,0.006821582897471668,1.0287950317415262,-0.07027448463728381
2021-09-30,momentum,-0.00567197389131709,1.0229597331819715,-0.07554786348651243
2021-10-01,momentum,-0.0027615347911846486,1.0201347942888086,-0.0781007702242793
2021-10-04,momentum,-0.0040385941992275715,1.0160148838261636,-0.081823947105924
2021-10-05,momentum,0.004749989336915136,1.0208409436904848,-0.07746262064526632
2021-10-06,momentum,-0.004914165110385135,1.0158243627417485,-0.08199612164791747
2021-10-07,momentum,0.011534241496364178,1.027541126259502,-0.07140764322040571
2021-10-08,momentum,0.00247644231621682,1.0300857725862242,-0.06910803781356112
2021-10-11,momentum,-0.00357647406958443,1.0264016975311219,-0.07243734877790531
2021-10-12,momentum,-0.0045366329153885485,1.0217452898056916,-0.07664536003252453
2021-10-13,momentum,0.00040649561886731437,1.022160624789596,-0.07627002041671682
2021-10-14,momentum,0.009557385545982067,1.031929807970632,-0.06744157686145724
2021-10-15,momentum,0.0012734274962458892,1.0332438957622976,-0.06625403132357699
2021-10-18,momentum,-0.0018455402482256463,1.0313370025664348,-0.0679772970903878
2021-10-19,momentum,0.012936974198977283,1.0446793827590874,-0.05591974342998496
2021-10-20,momentum,0.008349947257518496,1.0534024005061429,-0.04803672308076068
2021-10-21,momentum,0.006229962226961964,1.059965057671087,-0.042106027824099
2021-10-22,momentum,0.004107019598500373,1.064318354936668,-0.03817193850708711
2021-10-25,momentum,0.00765710462437129,1.0724679519340565,-0.03080712040957989
2021-10-26,momentum,-0.0007480732594286974,1.0716656673376204,-0.03153214768603019
2021-10-27,momentum,-0.011222876809480262,1.0596384955721407,-0.04240114308649179
2021-10-28,momentum,0.007593045378638779,1.0676843787539725,-0.03513005151141502
2021-10-29,momentum,0.002593436369215685,1.0704533502526765,-0.03262772269544134
2021-11-01,momentum,0.0043117491266510275,1.0750688765507492,-0.028456656123627022
2021-11-02,momentum,0.007627175578795227,1.0832686156315001,-0.021046524457471905
2021-11-03,momentum,0.006734966377610559,1.090564393335699,-0.014453305714447917
2021-11-04,momentum,0.0009044258655353032,1.0915507279810637,-0.013561951792443239
2021-11-05,momentum,-0.015816195589696363,1.0742865481712398,-0.029163648900012218
2021-11-08,momentum,-0.003562586612435104,1.0704593092968058,-0.032622337487306474
2021-11-09,momentum,0.0016479095018534001,1.0722233293639434,-0.031028186645371103
2021-11-10,momentum,0.008381789894392193,1.0812104800305375,-0.022906468492244425
2021-11-11,momentum,0.001960157790719771,1.0833298231763773,-0.02099121099419765
2021-11-12,momentum,0.003056802130839469,1.0866413480882648,-0.017998574841854076
2021-11-15,momentum,-0.005157085806747654,1.0810374454150138,-0.02306284045374296
2021-11-16,momentum,-0.005649314405011194,1.0749303250022744,-0.028581865621958302
2021-11-17,momentum,-0.0009779831167691054,1.073879061292719,-0.029531896156703485
2021-11-18,momentum,-0.0013137095958273698,1.0724682960651406,-0.030806809417166736
2021-11-19,momentum,-0.006133091340985167,1.0658907500450623,-0.03675095978207221
2021-11-22,momentum,0.002932876401182438,1.0690168758721081,-0.03392586940355535
2021-11-23,momentum,0.01176717269038689,1.0815961820594333,-0.02255790827711146
2021-11-24,momentum,-0.004509271403185153,1.0767189713258785,-0.02696545994958699
2021-11-26,momentum,-0.011974503600988272,1.0638257961264843,-0.03861706555330657
2021-11-29,momentum,-0.006778039505098098,1.0566151428537964,-0.045133357062513535
2021-11-30,momentum,-0.01710629265748333,1.038540374993811,-0.06146758530547081
2021-12-01,momentum,-0.005887258824453687,1.0324262190065772,-0.06699296854591696
2021-12-02,momentum,0.0187389920668165,1.0517728457341147,-0.049509357185214986
2021-12-03,momentum,0.018269922101310804,1.0709886536939508,-0.032143967182964195
2021-12-06,momentum,0.0055069323793039675,1.0768865157888452,-0.02681404945733934
2021-12-07,momentum,0.004436425588434766,1.0816640426833313,-0.022496582404046617
2021-12-08,momentum,0.007422291884949605,1.0896924689295815,-0.015241266720113611
2021-12-09,momentum,-0.012190073867774038,1.076409037240173,-0.027245548420731014
2021-12-10,momentum,0.00557672449386257,1.082411873883565,-0.02182076484409512
2021-12-13,momentum,0.010609134668773652,1.0938953272206753,-0.011443129608128322
2021-12-14,momentum,0.0015450889639272995,1.0955854928184556,-0.009915721297471314
2021-12-15,momentum,0.019564423230724902,1.1170199910853982,0.0
2021-12-16,momentum,0.005099983720051173,1.1227167748549054,0.0
2021-12-17,momentum,-0.004789000018267439,1.1173400841996162,-0.00478900001826732
2021-12-20,momentum,0.016240510454107134,1.135486257517853,0.0
2021-12-21,momentum,0.008040045725340107,1.1446156189487917,0.0
2021-12-22,momentum,-0.002867876704503245,1.1413330024795978,-0.0028678767045033915
2021-12-23,momentum,0.002945916807275989,1.1446952745543013,0.0
2021-12-27,momentum,0.008109544898604729,1.1539782322785201,0.0
2021-12-28,momentum,0.0026868929986111805,1.157078848311379,0.0
2021-12-29,momentum,0.0010515552469287863,1.1582955806454311,0.0
2021-12-30,momentum,0.005925579510618671,1.1651591532053438,0.0
2021-12-31,momentum,-0.012893103808275776,1.1501366352899045,-0.012893103808275908
2022-01-03,momentum,0.007737237623852054,1.1590355157370402,-0.005255623192297332
2022-01-04,momentum,0.0014783081220858041,1.1607489273537401,-0.0037850845006633937
2022-01-05,momentum,-0.002844222094400441,1.157447499608509,-0.006618540974097975
2022-01-06,momentum,-0.011514870385661891,1.1441196416723085,-0.018057199718300887
2022-01-07,momentum,0.004327061523226767,1.1490703177517567,-0.013808272809192501
2022-01-10,momentum,-0.00392419610588304,1.1445611404854494,-0.017678282544688728
2022-01-11,momentum,0.006474305514268076,1.1519713789887112,-0.011318431632582726
2022-01-12,momentum,0.005356560494714586,1.1581419833684439,-0.006022499001613446
2022-01-13,momentum,-0.004193068965072841,1.1532858141608338,-0.010190315213030376
2022-01-14,momentum,-0.001542929380613503,1.1515063755939203,-0.011717521656903984
2022-01-18,momentum,-0.0001627810406563638,1.1513189321877788,-0.011878395307191036
2022-01-19,momentum,0.006262900103487663,1.158529527647325,-0.005689888406901877
2022-01-20,momentum,-0.012412110467714569,1.1441497311700572,-0.01803137535116106
2022-01-21,momentum,-0.0027405392315808124,1.141014143944983,-0.02072249889119271
2022-01-24,momentum,-0.004142237713204368,1.1362877921266346,-0.024778899087978146
2022-01-25,momentum,-0.0034522649875320306,1.1323650255661157,-0.028145620749759126
2022-01-26,momentum,-0.012013451195256122,1.1187614135962622,-0.03982094590377783
2022-01-27,momentum,0.0028728586475027123,1.1219754569978047,-0.03706248720506644
2022-01-28,momentum,0.003647893831144817,1.1260683043460828,-0.03354979339236386
2022-01-31,momentum,0.006996969715973805,1.1339473701697103,-0.026787570564733687
2022-02-01,momentum,0.0009061112245321085,1.1349748526098498,-0.02590573185856826
2022-02-02,momentum,0.015002074120242298,1.1520018294733139,-0.011292297447807242
2022-02-03,momentum,-0.005664155184529125,1.1454767123383156,-0.01689249130720205
2022-02-04,momentum,-0.010077837447145929,1.133932784231879,-0.026800088972876668
2022-02-07,momentum,0.012252626413611478,1.1478264390152186,-0.014875834037301305
2022-02-08,momentum,3.06321651777366e-05,1.147861599424294,-0.014845657551128877
2022-02-09,momentum,0.0025536648041067046,1.1507928531907294,-0.012329903580204249
2022-02-10,momentum,-0.02461423810435792,1.1224669638934994,-0.036640650502035244
2022-02-11,momentum,0.015277743751115494,1.139615726536957,-0.021922693220163936
2022-02-14,momentum,-0.0014342030077978793,1.137981286234224,-0.023325454635406362
2022-02-15,momentum,-0.004527639373450357,1.1328289173564203,-0.027747484762045804
2022-02-16,momentum,0.005874856527324478,1.1394841247158938,-0.022035640726692285
2022-02-17,momentum,0.007940552111091945,1.1485322577879624,-0.0142700637690919
2022-02-18,momentum,-0.004501213875165801,1.1433624684531318,-0.018707045035220693
2022-02-22,momentum,-0.0032541461281906637,1.1396417999032966,-0.021900315705240092
2022-02-23,momentum,0.015346145136020574,1.1571309083676884,-0.00689025599255666
2022-02-24,momentum,-0.012940991446649336,1.1421564871798486,-0.019742080695341113
2022-02-25,momentum,0.023229151919013702,1.1686878137358365,0.0
2022-02-28,momentum,-0.016817642448194184,1.1490332399508654,-0.01681764244819428
2022-03-01,momentum,0.014977780211388039,1.1662432072744284,-0.0020917531890690677
2022-03-02,momentum,0.012227992859995908,1.180504020885999,0.0
2022-03-03,momentum,0.008270675574726693,1.1902675866574073,0.0
2022-03-04,momentum,0.011964980531248377,1.204509115158739,0.0
2022-03-07,momentum,-0.0011488568982091323,1.2031253065528331,-0.0011488568982092051
2022-03-08,momentum,-0.008701307325345993,1.1926565435096157,-0.00984016766661111
2022-03-09,momentum,0.0023345110889431676,1.1954408134357395,-0.007528628558202688
2022-03-10,momentum,3.85713120509279e-05,1.195486923156393,-0.007490347635233263
2022-03-11,momentum,-0.00625354800914714,1.1880108882881268,-0.013697054395838237
2022-03-14,momentum,-0.003895009047910083,1.183383575129229,-0.01753871329294676
2022-03-15,momentum,0.00768618608475636,1.1924792814973164,-0.009987333022247191
2022-03-16,momentum,0.001154464539380593,1.1938559565417513,-0.00884439850468366
2022-03-17,momentum,0.013394401705431928,1.2098469428020941,0.0
2022-03-18,momentum,0.004721039930954616,1.2155586785294061,0.0
2022-03-21,momentum,0.0073578744831496665,1.2245026067129288,0.0
2022-03-22,momentum,0.002944455516344171,1.2281081001680425,0.0
2022-03-23,momentum,-0.001636726866683223,1.2260980226453062,-0.001636726866683147
2022-03-24,momentum,0.004336216072294859,1.2314146485973096,0.0
2022-03-25,momentum,0.007109552067686611,1.2401694551584244,0.0
2022-03-28,momentum,0.001663883315679918,1.2422329524234783,0.0
2022-03-29,momentum,0.011166959674709853,1.2561049177097872,0.0
2022-03-30,momentum,0.004010549182482918,1.2611425882606209,0.0
2022-03-31,momentum,-0.009254632719302706,1.249471176799598,-0.009254632719302713
2022-04-01,momentum,0.013069374208264565,1.2658009831716328,0.0
2022-04-04,momentum,-0.00023509924029016928,1.2655033943221305,-0.00023509924029019302
2022-04-05,momentum,-0.004336572474168358,1.2600154471363465,-0.004570652189564539
2022-04-06,momentum,0.017961859439614276,1.2826476674895522,0.0
2022-04-07,momentum,0.01277685421613765,1.2990358697477353,0.0
2022-04-08,momentum,0.01112949934170194,1.3134934886049399,0.0
2022-04-11,momentum,-0.015173067815127063,1.2935637628276093,-0.015173067815127061
2022-04-12,momentum,-0.002156375083941306,1.2907743541599586,-0.017296724073684766
2022-04-13,momentum,-0.004111672176983435,1.2854671131611954,-0.021337277791541376
2022-04-14,momentum,0.006902087271120403,1.294339519360389,-0.014582462273866503
2022-04-18,momentum,-0.005320984021533079,1.2874523594594336,-0.019825853246645764
2022-04-19,momentum,-0.003181468551913129,1.2833563702657271,-0.022944246469939755
2022-04-20,momentum,0.006271317088570238,1.2914047050013,-0.016816820026340884
2022-04-21,momentum,-0.011660790255288269,1.2763459056015873,-0.028281512870541037
2022-04-22,momentum,-0.021485008816532567,1.248923602566792,-0.04915889313370514
2022-04-25,momentum,-0.0005840527598482869,1.2481941652898731,-0.04971423450634771
2022-04-26,momentum,-0.01009840202280268,1.2355893988062594,-0.05931060220284934
2022-04-27,momentum,-0.0010235686029251647,1.2343246882915342,-0.060273462335539096
2022-04-28,momentum,0.0110602345769782,1.247976608888194,-0.04987986639075859
2022-04-29,momentum,-0.036297594309034585,1.2026780602316056,-0.08436694154535263
2022-05-02,momentum,-0.0007532749516969001,1.2017721129738779,-0.08505666499323206
2022-05-03,momentum,0.0029632042877503614,1.2053332092519409,-0.08234550097989135
2022-05-04,momentum,0.017505871101478714,1.2264336170474368,-0.06628115960435343
2022-05-05,momentum,-0.011562009146900046,1.2122535803490686,-0.07707682537764082
2022-05-06,momentum,-0.010865065200255338,1.199082366159333,-0.08710444584473942
2022-05-09,momentum,-0.009304607577002478,1.187925375289717,-0.0955985807349442
2022-05-10,momentum,-0.003453950816333181,1.1838223394699923,-0.09872233875530756
2022-05-11,momentum,0.0011628868795195819,1.185198990936244,-0.09767425478824221
2022-05-12,momentum,0.013331354897955314,1.2009992993091134,-0.08564503004526225
2022-05-13,momentum,0.004617649839497105,1.2065450935308044,-0.08142285896500734
2022-05-16,momentum,0.007125036283462803,1.2151417710998453,-0.07487796350597353
2022-05-17,momentum,-0.014009335918098305,1.1981184418403947,-0.08783830888045352
2022-05-18,momentum,-0.022637182670311937,1.1709964158117843,-0.1084870797071873
2022-05-19,momentum,-0.005960993947796079,1.1640161132642393,-0.11380138282943475
2022-05-20,momentum,0.003546861737043993,1.168144717477679,-0.1106581588627712
2022-05-23,momentum,0.008214695231135206,1.1777406703176188,-0.10335248668153207
2022-05-24,momentum,0.010845613788207403,1.1905139907705482,-0.09362779404792332
2022-05-25,momentum,0.003573730946394294,1.1947685674614803,-0.09038866364656073
2022-05-26,momentum,0.0003301820711212396,1.1951630586215953,-0.09008832629160812
2022-05-27,momentum,0.009276032278741811,1.206249429731729,-0.08164795623548515
2022-05-31,momentum,-0.006660141978381205,1.1982156372683743,-0.08776431123309336
2022-06-01,momentum,-0.007906763599743799,1.188741629482977,-0.0949771431714228
2022-06-02,momentum,0.009125884006412444,1.199589947707232,-0.08671800955685338
2022-06-03,momentum,-0.006774197340761022,1.19146368867347,-0.09290476198787834
2022-06-06,momentum,-0.005567008657713922,1.184830800003273,-0.09795456903126287
2022-06-07,momentum,0.011451316911700078,1.1983986729808536,-0.08762496093248884
2022-06-08,momentum,-0.013933552286532544,1.1817007224107636,-0.10033758624426314
2022-06-09,momentum,-0.019975805209353097,1.1580952989641344,-0.11830906737562419
2022-06-10,momentum,-0.014918763814761845,1.1408179487239025,-0.1314628061570643
2022-06-13,momentum,-0.027700810278101968,1.1092163671644482,-0.15552199018318258
2022-06-14,momentum,-0.009307848271260579,1.0988919495188825,-0.1633822633669737
2022-06-15,momentum,0.008571950970162456,1.1083115974316646,-0.15621081714778706
2022-06-16,momentum,-0.008573315105716552,1.098809692871563,-0.16344488769517418
2022-06-17,momentum,-0.0025093877785315856,1.096052353257339,-0.1655441288700601
2022-06-21,momentum,0.01870061673820191,1.1165492082406088,-0.1499392894391166
2022-06-22,momentum,0.004970858707164825,1.1220994165943696,-0.14571375775440631
2022-06-23,momentum,0.006028482077288725,1.1288639728162448,-0.14056370845415445
2022-06-24,momentum,0.019262437672220835,1.1506086447330333,-0.12400887045500808
2022-06-27,momentum,-0.010350922123036354,1.1386987842573093,-0.13307618641739882
2022-06-28,momentum,-0.014647461796581891,1.1220197373170862,-0.14577441985739703
2022-06-29,momentum,-0.0003633895327365925,1.1216120070890212,-0.1460848364918168
2022-06-30,momentum,-0.008312042320214786,1.1122891206192362,-0.15318261546876988
2022-07-01,momentum,0.009382099077132163,1.122724727351302,-0.14523769086686011
2022-07-05,momentum,0.005535860431534563,1.1289399747449513,-0.14050584602136296
2022-07-06,momentum,-0.001439515182117267,1.127314848511607,-0.14174310090495623
2022-07-07,momentum,0.0052463471225348834,1.1332291335232865,-0.1372403872919934
2022-07-08,momentum,-0.0031391026611562187,1.1296718109345438,-0.13994867828818314
2022-07-11,momentum,-0.007931775492705108,1.1207115077497734,-0.14677041228420562
2022-07-12,momentum,-0.009400886191398958,1.1101758264120265,-0.15479152653345607
2022-07-13,momentum,-0.0017323095038487694,1.1082526582769898,-0.15625568920477573
2022-07-14,momentum,-0.0025410925412804467,1.105436485713188,-0.15839972157968518
2022-07-15,momentum,0.008481504160062242,1.1148122498654491,-0.15126168531715367
2022-07-18,momentum,-0.004332497092493721,1.1099823290342308,-0.15493884159780502
2022-07-19,momentum,0.016210551043308846,1.127975754236211,-0.14123993455480854
2022-07-20,momentum,-0.00117348560232119,1.1266520909288473,-0.1422476771274569
2022-07-21,momentum,0.011218171430832775,1.1392910672277934,-0.1326252645242777
2022-07-22,momentum,-0.0038767843323552096,1.1348742814683725,-0.1359878893090506
2022-07-25,momentum,-0.01562602380121373,1.1171407089347625,-0.1494889631152443
2022-07-26,momentum,-0.0021687645653636605,1.1147178937506996,-0.15133352131449052
2022-07-27,momentum,0.007088246528334988,1.122619288991151,-0.1453179640932336
2022-07-28,momentum,0.007673976806281786,1.1312342433771536,-0.13875915397293948
2022-07-29,momentum,-0.002158310765011292,1.1287926883319233,-0.14061797936218712
2022-08-01,momentum,-0.007815413146809603,1.1199707071155114,-0.14733440490441174
2022-08-02,momentum,-0.0054585961445065305,1.1138572393316903,-0.15198876203435385
2022-08-03,momentum,0.01059540002447349,1.1256590023525652,-0.14300374374285896
2022-08-04,momentum,-0.0065752753475397455,1.1182574844646602,-0.1486387300995604
2022-08-05,momentum,-0.0016598404268432097,1.1164013554843257,-0.15005185395318976
2022-08-08,momentum,0.007083529553908325,1.1243094174799222,-0.14403122114137767
2022-08-09,momentum,0.003480614285355306,1.1282227048995623,-0.14105192398186417
2022-08-10,momentum,0.008768616936326214,1.1381156576176923,-0.13352013733506685
2022-08-11,momentum,0.00017973961990677277,1.1383202220934026,-0.13336439657389443
2022-08-12,momentum,0.014555269991408038,1.1548887802626515,-0.12075028138186072
2022-08-15,momentum,0.00874361173218808,1.1649866793511285,-0.11306246322662794
2022-08-16,momentum,0.013928091523063629,1.1812127204442813,-0.10070911603920762
2022-08-17,momentum,-0.005849800931520901,1.174302861171902,-0.1059697886899098
2022-08-18,momentum,-0.004260875217866309,1.169299303212465,-0.10977913986130483
2022-08-19,momentum,-0.004301527381276048,1.1642695302427895,-0.11360844926657465
2022-08-22,momentum,-0.016054293332324693,1.1455780056863838,-0.12783883922934325
2022-08-23,momentum,-0.00659536373257079,1.1380225020548491,-0.13359105931804682
2022-08-24,momentum,-0.0008074650743805434,1.1371035886305807,-0.13429065427777853
2022-08-25,momentum,0.00883095525384451,1.1471452995407634,-0.12664561378287054
2022-08-26,momentum,-0.02897003463347967,1.113912460483434,-0.15194672059888215
2022-08-29,momentum,-0.006821158611548396,1.1063142869110965,-0.15773142652872096
2022-08-30,momentum,-0.007935731001156333,1.097534874327434,-0.16441544335851654
2022-08-31,momentum,-0.0018535560200977988,1.095500531953857,-0.16596424614378014
2022-09-01,momentum,0.016018336827171888,1.11304862846904,-0.15260438051260705
2022-09-02,momentum,-0.011412284050636795,1.1003462013587797,-0.16227510002546242
2022-09-06,momentum,-0.004638559099111383,1.0952421804742942,-0.1661609364827915
2022-09-07,momentum,0.020284829637667524,1.1174589815172027,-0.14924665313411278
2022-09-08,momentum,0.001651654080862137,1.1193046372042217,-0.14784150289695452
2022-09-09,momentum,0.010235350677056797,1.1307611126804626,-0.13911936184667129
2022-09-12,momentum,0.012197638571377224,1.1445537280435072,-0.1286186509693804
2022-09-13,momentum,-0.02634078879027878,1.114405280033987,-0.15157152303998422
2022-09-14,momentum,-0.0021440947914181056,1.1120158894775374,-0.15339063411832488
2022-09-15,momentum,-0.009792018588730904,1.1011270092168093,-0.16168064876643184
2022-09-16,momentum,0.0035911580226413,1.1050813303099052,-0.15867011150271404
2022-09-19,momentum,0.004158867322338696,1.1096772169430575,-0.15517113212213585
2022-09-20,momentum,-0.012905926440629436,1.095355804408348,-0.16607443134588784
2022-09-21,momentum,-0.00782271511933852,1.0867871479961477,-0.17259799350020133
2022-09-22,momentum,-0.0011917700491761683,1.0854919476233365,-0.17358406643017588
2022-09-23,momentum,-0.01749663775533686,1.0664994882294359,-0.1880435666550857
2022-09-26,momentum,-0.004762652034942694,1.0614201222715547,-0.19191063261464059
2022-09-27,momentum,-0.0038810537202440877,1.0573006937572709,-0.1950468708602211
2022-09-28,momentum,0.021782788726973035,1.0803316513902674,-0.17751274691305352
2022-09-29,momentum,-0.011100877836108266,1.068339021705703,-0.18664307743132802
2022-09-30,momentum,-0.01412813239807284,1.0532453865610172,-0.1981342917202672
2022-10-03,momentum,0.02295255793126052,1.077420062311892,-0.17972942259788538
2022-10-04,momentum,0.02024610831628805,1.0992336255956003,-0.16312213563913802
2022-10-05,momentum,-0.005628119067592599,1.0930470078676469,-0.16783218390479349
2022-10-06,momentum,-0.0069424842882653695,1.0854585461891901,-0.1736094958932346
2022-10-07,momentum,-0.020698392529830092,1.0629912991253077,-0.1907144509301606
2022-10-10,momentum,0.0004084310819272446,1.0634254578116886,-0.19038391355776585
2022-10-11,momentum,0.0034712051100526725,1.0671168256950048,-0.1875735700613267
2022-10-12,momentum,-0.003328153041500924,1.063565297585931,-0.19027744955512282
2022-10-13,momentum,0.018448801303285377,1.0831868024341635,-0.17533903911117577
2022-10-14,momentum,-0.011554288359926774,1.0706713497711722,-0.18486740965245962
2022-10-17,momentum,0.010871630804796,1.082311293399157,-0.17600558907324404
2022-10-18,momentum,0.01656833013938887,1.1002433842217831,-0.16235337763999835
2022-10-19,momentum,-0.00892244268816694,1.0904265256830294,-0.16982723162094215
2022-10-20,momentum,0.0011579631277798864,1.0916891993933235,-0.16886592216547225
2022-10-21,momentum,0.019420213519144115,1.1128900367420853,-0.15272512091088875
2022-10-24,momentum,0.00908773315848259,1.1230036844307314,-0.14502531289784126
2022-10-25,momentum,0.011126227462044653,1.135498478864422,-0.13551267005485212
2022-10-26,momentum,0.009618945667766998,1.146420777038451,-0.1271972133976368
2022-10-27,momentum,-0.0017188382301644872,1.1444502651790223,-0.12869742019464314
2022-10-28,momentum,0.01942718097821696,1.1666837076012235,-0.11177046728997708
2022-10-31,momentum,-0.010244036708926905,1.1547321568728497,-0.12086952322901157
2022-11-01,momentum,-0.0038678189148972962,1.1502658619948567,-0.12426984071572911
2022-11-02,momentum,-0.016335293670457912,1.1314759313400682,-0.13857515004371457
2022-11-03,momentum,-0.0009320453130341603,1.1304213445014517,-0.1393780370376475
2022-11-04,momentum,0.008789148689180067,1.1403567857796977,-0.13181390263999748
2022-11-07,momentum,0.010399197759766913,1.1522155815117128,-0.12278546372127064
2022-11-08,momentum,0.00392203433573055,1.1567346105845653,-0.11934499819018363
2022-11-09,momentum,-0.006515597758779917,1.1491977931483373,-0.12508299194623407
2022-11-10,momentum,0.021029072868968754,1.1733643572813117,-0.10668429842957128
2022-11-11,momentum,-0.003571430449166491,1.1691737680877505,-0.10987471332687848
2022-11-14,momentum,0.003708520327154302,1.1735096727726795,-0.10657366560753723
2022-11-15,momentum,0.002986101467115191,1.1770138917282198,-0.10390580391964854
2022-11-16,momentum,-0.004081590661814927,1.1722098028189154,-0.10756329362247674
2022-11-17,momentum,0.005350343521981331,1.1784815279438305,-0.10278845067173148
2022-11-18,momentum,0.01003547759016472,1.190308152907934,-0.09378450427481055
2022-11-21,momentum,0.00835396709594919,1.200251948051367,-0.08621400984168304
2022-11-22,momentum,0.01193010544588531,1.214571080353249,-0.07531244662412162
2022-11-23,momentum,0.000187656582838044,1.214799002611802,-0.07513892291766222
2022-11-25,momentum,0.004138586572900201,1.219826553452784,-0.07131130528225116
2022-11-28,momentum,-0.010723028377992822,1.2067463187038805,-0.0812696605100307
2022-11-29,momentum,0.00428585641902421,1.2119182601600313,-0.07733211418717534
2022-11-30,momentum,0.016653214101490867,1.2321005944199825,-0.06196672834016459
2022-12-01,momentum,0.0005834459308180219,1.2328194584981553,-0.06141943664484273
2022-12-02,momentum,0.005085541484637997,1.2390890129974166,-0.05664624625322523
2022-12-05,momentum,-0.011760596958201537,1.2245165865202183,-0.06774064954004744
2022-12-06,momentum,-0.0076977944611941445,1.2150905095228626,-0.07491699040441457
2022-12-07,momentum,0.0036330672146912433,1.2195050150158924,-0.07155610165138504
2022-12-08,momentum,0.0049782772936807496,1.2255760491416758,-0.06693405047377965
2022-12-09,momentum,-0.015183266092495939,1.2069678018709677,-0.08110103906728383
2022-12-12,momentum,0.011214358703486468,1.2205031717447075,-0.07079617650712322
2022-12-13,momentum,0.00303124556351016,1.2242028165693086,-0.06797953153956382
2022-12-14,momentum,-0.001680589188893061,1.2221454345507698,-0.0695458750626855
2022-12-15,momentum,-0.016697859569403808,1.201738221711253,-0.08508246737666125
2022-12-16,momentum,-0.009828571297283846,1.189926851918493,-0.09407479957718479
2022-12-19,momentum,-0.000938464405717583,1.18881014792256,-0.09492497813202405
2022-12-20,momentum,0.00021277548230373878,1.1890630975751517,-0.09473240035772501
2022-12-21,momentum,0.010840094272530576,1.2019526536488536,-0.08491921423573534
2022-12-22,momentum,-0.005952033380299958,1.1947985913327956,-0.09036580561827523
2022-12-23,momentum,0.0010340416175112772,1.1960340628007775,-0.08942520600457327
2022-12-27,momentum,0.001951046477989577,1.1983675808465604,-0.08764863225980257
2022-12-28,momentum,-0.012997008213697203,1.1827923875552693,-0.09950647048009964
2022-12-29,momentum,0.007900052562946226,1.1921365095880085,-0.09239252426429956
2022-12-30,momentum,-0.0019262498526329663,1.1898401568120962,-0.09414080303068406
2023-01-03,momentum,0.007157841373017371,1.1983568439138033,-0.08765680659248876
2023-01-04,momentum,0.00904431031311431,1.209195155076004,-0.07940529163925358
2023-01-05,momentum,8.262453938673862e-05,1.209295064268721,-0.07932922792551322
2023-01-06,momentum,0.019672992350670417,1.233085516817783,-0.061216878869006064
2023-01-09,momentum,-0.023325645131151772,1.2043230016361286,-0.08311460080762267
2023-01-10,momentum,0.00420433515744063,1.2093863791728217,-0.07925970728845433
2023-01-11,momentum,0.00018129453967939517,1.2096056343197281,-0.07909278210092308
2023-01-12,momentum,-0.006552632221921553,1.2016795334644668,-0.08512714841032865
2023-01-13,momentum,0.005144190402111575,1.2078612017869288,-0.08042086826802852
2023-01-17,momentum,-0.010996263780988889,1.1945792414012575,-0.090532802968046
2023-01-18,momentum,-0.020467266525170006,1.1701294696820626,-0.10914711048559833
2023-01-19,momentum,-0.0004080141190400605,1.1696520403373274,-0.10951059104250782
2023-01-20,momentum,0.0049175026629943485,1.1754038073604631,-0.10513160700259094
2023-01-23,momentum,0.0030597729656597046,1.179000276153958,-0.10239351288587428
2023-01-24,momentum,-0.003410117027249781,1.174979747237113,-0.10545445605135206
2023-01-25,momentum,0.0019889807698094705,1.1773167593592833,-0.10367522216671954
2023-01-26,momentum,-0.005255821771697506,1.1711289923032584,-0.10838614544856762
2023-01-27,momentum,-0.0036533971137696795,1.1668503930229257,-0.11164356493138283
2023-01-30,momentum,-0.0032580160410278186,1.1630487757249774,-0.11453784444698667
2023-01-31,momentum,0.011224338031966277,1.1761032283313793,-0.10459911789854603
2023-02-01,momentum,-0.0012964552127683886,1.1745784631702552,-0.105759965039664
2023-02-02,momentum,-0.014640405872592917,1.1573821577402361,-0.11885200209900504
2023-02-03,momentum,-0.0002186582742948087,1.157129086554925,-0.11904467239962435
2023-02-06,momentum,0.002757440847385242,1.1603198015638891,-0.11661549019457751
2023-02-07,momentum,0.002987978378428433,1.1637868120430244,-0.11397595637944036
2023-02-08,momentum,-0.0023421495999606857,1.1610610492267583,-0.11605115723876169
2023-02-09,momentum,0.004242588480915847,1.165986953459848,-0.11230092606074393
2023-02-10,momentum,0.014187046071674404,1.1825288640875542,-0.0997070984009849
2023-02-13,momentum,0.010922198173598574,1.195444678687119,-0.08987392091543633
2023-02-14,momentum,-0.010181777008142573,1.183272927543156,-0.09914062170197058
2023-02-15,momentum,-0.004080711963313221,1.178444331551866,-0.10281676934425421
2023-02-16,momentum,-0.012458138235343596,1.1637631091667358,-0.11399400205419563
2023-02-17,momentum,0.01464805135174585,1.1808099709510773,-0.10101574069833086
2023-02-21,momentum,-0.0014906957574894598,1.1790497425369793,-0.1023558527197217
2023-02-22,momentum,-0.009733750345600176,1.1675731666980802,-0.11109329674853696
2023-02-23,momentum,0.0007402749994641824,1.1684374919234322,-0.11043526133926374
2023-02-24,momentum,-0.005945311673383807,1.1614907668630805,-0.11572400096425395
2023-02-27,momentum,0.0014607762427104067,1.1631874449814414,-0.11443227159286362
2023-02-28,momentum,-0.006064460531675977,1.1561333406304104,-0.1198027621299147
2023-03-01,momentum,-0.0018744737589165385,1.1539661990215901,-0.12145266875497307
2023-03-02,momentum,0.0038113840658338303,1.1583644074050519,-0.11810418745558493
2023-03-03,momentum,0.006431358201535332,1.165814263836983,-0.11243239958867768
2023-03-06,momentum,-0.001111668898983,1.1645182643778849,-0.11341908088579977
2023-03-07,momentum,-0.018500453806479633,1.1429741480209599,-0.12982123022557834
2023-03-08,momentum,-0.0031798216658762385,1.1393396940615463,-0.1325882435308926
2023-03-09,momentum,-0.009614327559453635,1.128385709041351,-0.14092782428650763
2023-03-10,momentum,-0.003812120600042727,1.1240841666351205,-0.1442027110244687
2023-03-13,momentum,0.02419020196261656,1.1512759896490035,-0.12350080176509093
2023-03-14,momentum,0.0010872403682316031,1.1525277033799257,-0.12254783645404721
2023-03-15,momentum,0.013574846503169575,1.1681730900439586,-0.11063655802003702
2023-03-16,momentum,-0.0005053653238463606,1.167582735872,-0.1110860114639104
2023-03-17,momentum,0.016813386371085724,1.1872137555304252,-0.09614035712399016
2023-03-20,momentum,0.004953455747511731,1.1930945663312824,-0.09166312838104207
2023-03-21,momentum,-0.010945596566222134,1.1800354345428683,-0.10160541732400763
2023-03-22,momentum,-0.0070416063112429235,1.171726089579501,-0.10793155828736534
2023-03-23,momentum,0.008868168283038063,1.182117153723518,-0.10002054522627024
2023-03-24,momentum,0.011892346079828881,1.1961753000225002,-0.0893176780853655
2023-03-27,momentum,0.005844189545393429,1.2031659752053494,-0.08399547798045748
2023-03-28,momentum,0.0003232910823350939,1.2035549480357024,-0.08369934188710981
2023-03-29,momentum,0.004291832067977031,1.2087204037572545,-0.07976673333871243
2023-03-30,momentum,0.007901428941385598,1.2182710221375455,-0.07249557557268904
2023-03-31,momentum,0.009993607755454157,1.2304459448726242,-0.0632264601635143
2023-04-03,momentum,0.008146598727713167,1.2404698942416432,-0.055594942035727124
2023-04-04,momentum,0.004554427305993633,1.2461195242002405,-0.05129371785181602
2023-04-05,momentum,0.008221515489135807,1.2563645151697673,-0.043493914458494265
2023-04-06,momentum,-8.633672851077884e-05,1.2562560447677105,-0.04357649606472069
2023-04-10,momentum,0.002168111661191215,1.258979748147813,-0.04150286311280138
2023-04-11,momentum,0.0010655587518805555,1.2603212650368925,-0.04048152809993877
2023-04-12,momentum,-0.001275304186897757,1.2587139720507545,-0.04170520602455863
2023-04-13,momentum,0.0063638923791954575,1.2667242923050752,-0.03560672108815566
2023-04-14,momentum,-0.0066184782448085,1.2583405051342835,-0.041989537024073265
2023-04-17,momentum,0.0058936287435572225,1.265756696904525,-0.03634337902285001
2023-04-18,momentum,0.0014017353335198253,1.2675309527902154,-0.03499258748784606
2023-04-19,momentum,-0.002303888390345445,1.2646107029436786,-0.037215856862130026
2023-04-20,momentum,-0.001708445619789895,1.2624501843274951,-0.03886072121427708
2023-04-21,momentum,0.0038216315856462475,1.2672748038272261,-0.03518760098826412
2023-04-24,momentum,0.003004646031848033,1.2710825160378065,-0.03228868124209583
2023-04-25,momentum,-0.004679575989750175,1.2651343888147648,-0.03681715989436474
2023-04-26,momentum,-0.01616480291589647,1.244683740757451,-0.052386820676645796
2023-04-27,momentum,0.009752141928425419,1.256822073253321,-0.04314556245863799
2023-04-28,momentum,0.003463792624363384,1.2611754442807932,-0.039831217115292694
2023-05-01,momentum,0.0006960522173960239,1.2620532882453102,-0.03916288950489144
2023-05-02,momentum,-0.0025677864850153637,1.2588126048683848,-0.04163011405152195
2023-05-03,momentum,-0.0076241940242616065,1.249215173328682,-0.04893691200900263
2023-05-04,momentum,0.005073442647534976,1.2555529948649955,-0.04411174797789286
2023-05-05,momentum,0.005212556823031575,1.2620976361950569,-0.03912912614775921
2023-05-08,momentum,-0.002253646296196219,1.2592533145318079,-0.041294589233739076
2023-05-09,momentum,-0.0030395725443402174,1.2554257227305876,-0.04420864387841461
2023-05-10,momentum,-0.0023290776863164075,1.2525017386929482,-0.0464347561987315
2023-05-11,momentum,-0.006667844327146164,1.2441502520798637,-0.05279298080017547
2023-05-12,momentum,-0.00037160828476143367,1.2436879155387028,-0.05314497077589431
2023-05-15,momentum,0.0010849228392107136,1.245037220963121,-0.05211770612926758
2023-05-16,momentum,-0.01785494995650251,1.2228071436888417,-0.0690420970509843
2023-05-17,momentum,-0.0006222701467441607,1.2220462273080985,-0.06962140436186504
2023-05-18,momentum,-0.004332283438398013,1.2167519766765749,-0.07365206814318814
2023-05-19,momentum,0.0024087156757405933,1.2196827862362842,-0.07142075935853465
2023-05-22,momentum,-0.004279841906981245,1.2144627367345264,-0.07539493170658496
2023-05-23,momentum,-0.007269733014147258,1.2056339168828358,-0.08211656369660547
2023-05-24,momentum,-0.009076542418901302,1.1946909294945827,-0.09044777164182005
2023-05-25,momentum,-0.01245114655329294,1.1798156576455558,-0.10177273973498191
2023-05-26,momentum,-0.001642570061267286,1.1778777277684929,-0.1032481409409074
2023-05-30,momentum,-0.0067844767325274296,1.1698864437306853,-0.1093321330635445
2023-05-31,momentum,0.00239879646006991,1.1726927631905903,-0.10719560213723922
2023-06-01,momentum,0.005781671765008651,1.1794728878285592,-0.10203370015844071
2023-06-02,momentum,0.014770419696568487,1.1968941974025107,-0.08877036103640623
2023-06-05,momentum,-0.004019745889342695,1.1920829868725238,-0.09243327263187728
2023-06-06,momentum,-0.0017499735241734988,1.1899968732068793,-0.09402149037619223
2023-06-07,momentum,0.003978502871747233,1.194731279184303,-0.09041705227391272
2023-06-08,momentum,0.007504786289390084,1.2036974821078308,-0.08359082663875506
2023-06-09,momentum,0.00027451416375548287,1.204027914115546,-0.08333925934087194
2023-06-12,momentum,0.003748973137650212,1.2085417824225462,-0.07990272284780242
2023-06-13,momentum,0.007302845724132807,1.2173675766107466,-0.07318339438156529
2023-06-14,momentum,0.005913739065739876,1.2245667708059145,-0.06770244281414317
2023-06-15,momentum,0.009258341485882615,1.2359042281423003,-0.05907091366326234
2023-06-16,momentum,-0.004353750133767332,1.2305234099437021,-0.06316748379876647
2023-06-20,momentum,-0.010216705007023267,1.2179515152600708,-0.07273882525778186
2023-06-21,momentum,-0.0007873078618296732,1.2169926124567791,-0.0734688652706259
2023-06-22,momentum,0.0042693743962450995,1.2221884095568216,-0.06951315696668836
2023-06-23,momentum,-0.003008053252385868,1.218512001736426,-0.07231211094117695
2023-06-26,momentum,0.002449442897957842,1.2214966773051557,-0.0700397924298003
2023-06-27,momentum,0.003105761225061114,1.225290354322071,-0.06715155807627893
2023-06-28,momentum,-0.00019571984789334946,1.2250505406802978,-0.06733413503143981
2023-06-29,momentum,-0.00428429623074824,1.2198020612663851,-0.07132995188127222
2023-06-30,momentum,0.010188737365318553,1.2322303041063023,-0.061867976661952984
2023-07-03,momentum,0.00712425306841017,1.2410090246313197,-0.05518448671611298
2023-07-05,momentum,-0.00034452467666175085,1.2405814663983743,-0.05550999897533204
2023-07-06,momentum,-0.008009405881012463,1.230645145905528,-0.06307480274409649
2023-07-07,momentum,-0.01494507778445503,1.2122530584749078,-0.07707722269530193
2023-07-10,momentum,0.005607206039845257,1.2190504111462093,-0.07190220452408824
2023-07-11,momentum,0.011344101577992075,1.232879442838945,-0.061373768857899025
2023-07-12,momentum,-0.001329589986024958,1.2312402186777702,-0.06262175689544591
2023-07-13,momentum,0.001213006632736792,1.2327337212295186,-0.06148471086917695
2023-07-14,momentum,0.005989307687134157,1.2401169427822683,-0.05586365403349258
2023-07-17,momentum,-0.00424614387024985,1.2348512278272803,-0.0598725927915984
2023-07-18,momentum,0.0025570202638055184,1.2380087674396196,-0.05746866796080774
2023-07-19,momentum,0.0035894577623106065,1.2424525476197144,-0.05408549155479869
2023-07-20,momentum,0.01144427617615759,1.2566715177104448,-0.043260184681117475
2023-07-21,momentum,0.0073327903686220275,1.2658864265120335,-0.03624461217807007
2023-07-24,momentum,-0.004559683004651498,1.2601143856872477,-0.040639031240563006
2023-07-25,momentum,-0.001286601885106851,1.2584931201431722,-0.04187334687146682
2023-07-26,momentum,0.0021136435311179067,1.2611531259855193,-0.03984820866908989
2023-07-27,momentum,-0.0029285095532431004,1.2574598270079684,-0.04266002236256594
2023-07-28,momentum,0.0038460072903561703,1.262296026669971,-0.03897808582922302
2023-07-31,momentum,-0.0035584897033111257,1.2578041592565354,-0.042397872415456006
2023-08-01,momentum,-0.0073202620408059655,1.248596703214762,-0.049407770920208094
2023-08-02,momentum,-0.010076977925288567,1.2360146217988788,-0.05898686782859608
2023-08-03,momentum,-0.0037823342408544215,1.231339601372652,-0.06254609401950162
2023-08-04,momentum,-0.0012365998549280748,1.2298169270002275,-0.06370534938363892
2023-08-07,momentum,0.012624471828187676,1.24534271614897,-0.05188512394404987
2023-08-08,momentum,-0.0042014561295533204,1.2401104633608113,-0.05586858700157593
2023-08-09,momentum,0.0013004121435995413,1.2417231180667705,-0.05464082704695905
2023-08-10,momentum,-0.0010337925831481803,1.2404394339169895,-0.055618132348368876
2023-08-11,momentum,0.0066270393421319195,1.2486598748470892,-0.04935967655744555
2023-08-14,momentum,1.362173524655485e-05,1.2486768837613176,-0.04934672718664479
2023-08-15,momentum,-0.0067214356685377135,1.2402839824163259,-0.055736482002944454
2023-08-16,momentum,-0.0049460815024132306,1.234149436753157,-0.060406886322713516
2023-08-17,momentum,-0.009914026131896347,1.2219140469865208,-0.06972203700506008
2023-08-18,momentum,0.0004173648842447658,1.2224240310012984,-0.06933377165071919
2023-08-21,momentum,0.0007290480724011598,1.2233152368847566,-0.06865527123089243
2023-08-22,momentum,-0.004318440181496298,1.2180324232111568,-0.07267722773043372
2023-08-23,momentum,0.011914498969801292,1.2325446692626907,-0.061628641515554694
2023-08-24,momentum,-0.009423428627984929,1.2209298725410904,-0.07047131703877818
2023-08-25,momentum,0.0029425370770355245,1.224522503959503,-0.06773614442499665
2023-08-28,momentum,0.0030644628908750183,1.228275007731928,-0.06487925643508319
2023-08-29,momentum,0.008691636645813402,1.2389507278002676,-0.05675152671205397
2023-08-30,momentum,0.001051159484577783,1.2402530626087194,-0.055760022133043874
2023-08-31,momentum,-0.006576836733556326,1.2320961207076486,-0.06197013430477172
2023-09-01,momentum,0.0017873548897944754,1.2342983137336923,-0.06029354203754811
2023-09-05,momentum,-0.010759334747398184,1.2210180849980823,-0.07040415838305802
2023-09-06,momentum,0.0004602349771776747,1.2215800402285648,-0.069976325862107
2023-09-07,momentum,0.005896924146107258,1.2287836050641914,-0.0644920468016319
2023-09-08,momentum,0.004066015066459183,1.2337798577158003,-0.06068825736913497
2023-09-11,momentum,0.005721799874841774,1.240839299151261,-0.05531370355771226
2023-09-12,momentum,-0.002550315003816483,1.2376747680693103,-0.05772295119342885
2023-09-13,momentum,-0.000812818887176518,1.2366687626416417,-0.05848885177565177
2023-09-14,momentum,0.008131229070256877,1.246724399634712,-0.050833208957239195
2023-09-15,momentum,-0.004173569515138927,1.2415211086866167,-0.054794622541117444
2023-09-18,momentum,-0.0018317053308232357,1.2392470078535058,-0.05652596026973167
2023-09-19,momentum,-0.0015926978597920116,1.237273261796344,-0.05802862935357933
2023-09-20,momentum,0.003456007610364736,1.241549287605213,-0.05477316912787955
2023-09-21,momentum,-0.012578388944426382,1.225932597772039,-0.06666259984729672
2023-09-22,momentum,0.0010362711179280357,1.2272029963156368,-0.06569540925623629
2023-09-25,momentum,-0.0016921397842866257,1.2251263973021753,-0.0672763832248755
2023-09-26,momentum,-0.006677551234252795,1.2169455530157545,-0.07350469296328899
2023-09-27,momentum,-0.01088516876711369,1.2036988952907894,-0.08358975074232244
2023-09-28,momentum,0.0005720654413059473,1.2043874898305234,-0.08306550410866365
2023-09-29,momentum,-0.008440230939189497,1.194222181276083,-0.09080464301009583
2023-10-02,momentum,-0.009205909601708018,1.1832282798309008,-0.09917461327683741
2023-10-03,momentum,-0.008419286626245403,1.1732663417987252,-0.10675892040785806
2023-10-04,momentum,0.007425240672268347,1.1819781267592526,-0.10012639041352966
2023-10-05,momentum,-0.0035684841647128764,1.1777602565308751,-0.10333757513958208
2023-10-06,momentum,0.0072278339499531824,1.1862729120979345,-0.09685664802352867
2023-10-09,momentum,0.005983447060910375,1.1933709132672645,-0.0914527375885642
2023-10-10,momentum,0.014095436946564009,1.2101919977290867,-0.07864636693827054
2023-10-11,momentum,0.005328104870478182,1.2166400276064007,-0.07373729815852159
2023-10-12,momentum,-0.0026736505611909584,1.2133871573138235,-0.0762138009511103
2023-10-13,momentum,0.0028009003221640357,1.2167857337936536,-0.07362636788858345
2023-10-16,momentum,0.007383223474999794,1.2257695347874438,-0.06678674434135767
2023-10-17,momentum,0.004515433668199366,1.231304415814276,-0.0625728817871467
2023-10-18,momentum,-0.009411938315525288,1.2197154546049982,-0.07139588799906671
2023-10-19,momentum,-0.009339383274418528,1.2083240644887105,-0.08006847771124448
2023-10-20,momentum,-0.005833890277349185,1.2012748344770028,-0.08543525727495183
2023-10-23,momentum,-0.003662263865325875,1.1968754490583724,-0.08878463468473485
2023-10-24,momentum,0.011602136066598344,1.2107617608731187,-0.07821259003037195
2023-10-25,momentum,-0.011662538934201749,1.1966412046968933,-0.08896297158819966
2023-10-26,momentum,-0.004546796537848295,1.1912003206103308,-0.09310527159483417
2023-10-27,momentum,-0.006918198843498133,1.1829593599299097,-0.09937934965606132
2023-10-30,momentum,0.006326338862543545,1.1904431617014442,-0.09368171823538107
2023-10-31,momentum,0.003586075204711027,1.1947121804062395,-0.09043159271756873
2023-11-01,momentum,0.004642678344162158,1.2002588447737184,-0.08620875917054438
2023-11-02,momentum,0.012463044873758057,1.2152177246162583,-0.07482013793083975
2023-11-03,momentum,0.0038499067827734933,1.2198961995768052,-0.07125828170457416
2023-11-06,momentum,-0.0050235778149272615,1.213767956092097,-0.07592388799640049
2023-11-07,momentum,-0.0020994097212642705,1.2112197598457182,-0.07786390236912899
2023-11-08,momentum,-0.009933937659781757,1.199187578259115,-0.08702434487682842
2023-11-09,momentum,-0.009265712145034181,1.1880762513510654,-0.09548371449262372
2023-11-10,momentum,0.007829540277924298,1.1973783422142639,-0.0884017678032053
2023-11-13,momentum,0.0037779931281047524,1.2019020293628908,-0.08495775594637334
2023-11-14,momentum,0.011314257373343337,1.2155006582606462,-0.07460473248966903
2023-11-15,momentum,0.006536943679844195,1.2234463176065096,-0.0685554757443596
2023-11-16,momentum,-0.025359359618530426,1.1924205024643593,-0.09217631239966939
2023-11-17,momentum,-0.001382800971479524,1.1907716222351394,-0.09343165187681535
2023-11-20,momentum,0.004076210414874276,1.1956254579234311,-0.08973628853440019
2023-11-21,momentum,0.0054082045949659565,1.2020916450188308,-0.08481339614742123
2023-11-22,momentum,0.0007589853504398054,1.203004014967286,-0.08411878292217845
2023-11-24,momentum,0.0036164054150743517,1.2073545652013697,-0.08080658512917349
2023-11-27,momentum,0.0037619334953416673,1.2118965527809544,-0.07734864063307345
2023-11-28,momentum,0.012226700681567471,1.2267140491888306,-0.0660676586286526
2023-11-29,momentum,-0.0026594800882851865,1.2234516276009932,-0.06855143309433531
2023-11-30,momentum,0.004987859082984634,1.2295540319143152,-0.06390549889956187
2023-12-01,momentum,0.004370874342042011,1.234928258084564,-0.05981394746297519
2023-12-04,momentum,-0.002064012978085788,1.2323793501328726,-0.06175450367722679
2023-12-05,momentum,0.003061718685631442,1.2361525490169607,-0.05888185990942585
2023-12-06,momentum,-0.006170153183427896,1.2285252984314412,-0.06468870299748752
2023-12-07,momentum,-0.003611017712054863,1.2240890718190978,-0.06806612865724859
2023-12-08,momentum,-0.005780641564421586,1.2170130516519861,-0.0734533043292247
2023-12-11,momentum,0.0022873875018779278,1.2197968320959571,-0.07133393299764113
2023-12-12,momentum,0.0005980736712618501,1.2205263604655223,-0.07077852227357273
2023-12-13,momentum,0.020489066172336517,1.2455338058301815,-0.05173964192767966
2023-12-14,momentum,-0.005084392455392353,1.2392010231448822,-0.05656096973801039
2023-12-15,momentum,-0.0037324423144490296,1.2345757768099876,-0.06008230149566307
2023-12-18,momentum,0.007393775113545751,1.2437039524643518,-0.05313276140768042
2023-12-19,momentum,0.0042516222043543165,1.2489917118042924,-0.049107039631505756
2023-12-20,momentum,-0.014338125470286248,1.2310835119290948,-0.06274106220608111
2023-12-21,momentum,0.007786857729301421,1.2406697840893754,-0.0554427602019637
2023-12-22,momentum,0.008816312719917174,1.2516079168880596,-0.047115248194042336
2023-12-26,momentum,-9.280839269940099e-05,1.2514917571690034,-0.047203683896285153
2023-12-27,momentum,0.005820881752289337,1.258776542701449,-0.04165756920622854
2023-12-28,momentum,-0.001910927943875529,1.2563711114309057,-0.04348889253703403
2023-12-29,momentum,-0.0002477214251869448,1.2560598813886183,-0.04372584083178188
2021-01-05,contrarian,1.80348147792367e-05,1.0000180348147791,0.0
2021-01-06,contrarian,0.0029398541645809617,1.0029579419990853,0.0
2021-01-07,contrarian,0.005957176390987234,1.0089327393723153,0.0
2021-01-08,contrarian,-0.001795914689359965,1.0071207822451005,-0.001795914689359912
2021-01-11,contrarian,-0.0014166050982457328,1.005694089810423,-0.0032099756857004724
2021-01-12,contrarian,0.0018946882374639288,1.0075995665728739,-0.001321369351410695
2021-01-13,contrarian,-0.0035692217114389477,1.0040032203234255,-0.004885874802671775
2021-01-14,contrarian,0.0019364657272148472,1.0059474381495952,-0.002958870404559777
2021-01-15,contrarian,-0.006353983614008513,0.9995556646110388,-0.009294053404501623
2021-01-19,contrarian,0.004655402404087277,1.0042089984550882,-0.0046819185589773715
2021-01-20,contrarian,0.017547392022111613,1.0218302474231118,0.0
2021-01-21,contrarian,-0.007955627266794192,1.0137009468446774,-0.007955627266794218
2021-01-22,contrarian,0.0006003140099201114,1.0143094857249377,-0.0073600891313798655
2021-01-25,contrarian,0.0031014729083021306,1.0174553391155474,-0.004281443340121482
2021-01-26,contrarian,0.0017645213165179325,1.0192506607500216,-0.00252447672164291
2021-01-27,contrarian,-0.016287342009851977,1.0026497766446183,-0.018770701715733584
2021-01-28,contrarian,-0.0007123833708607463,1.0019355056169394,-0.01946971315083268
2021-01-29,contrarian,-0.011769203671744367,0.9901435225853815,-0.03100977380307446
2021-02-01,contrarian,0.001995666357521389,0.9921195187025228,-0.029075992607886292
2021-02-02,contrarian,0.005770678749472782,0.9978447217260366,-0.02347310207107567
2021-02-03,contrarian,0.0022903891797620545,1.0001301744797606,-0.021236475430312596
2021-02-04,contrarian,0.0066009021564811,1.0067319359052458,-0.014775753170295669
2021-02-05,contrarian,0.013169584920367171,1.0199901776271956,-0.0018007587860670027
2021-02-08,contrarian,0.005398948551696972,1.025497052119441,0.0
2021-02-09,contrarian,0.0019470043499001549,1.0274936993407273,0.0
2021-02-10,contrarian,-0.006384106031115515,1.020934070617833,-0.006384106031115611
2021-02-11,contrarian,-0.007522660510807758,1.013253930200658,-0.013858741079586179
2021-02-12,contrarian,0.00516563331948173,1.0184880284635984,-0.008764696934791094
2021-02-16,contrarian,-0.004156158645457599,1.0142550306388043,-0.012884428109308455
2021-02-17,contrarian,0.005431531941157716,1.019763989234199,-0.007522878350969875
2021-02-18,contrarian,-0.022110964207783603,0.997216024167855,-0.029467504464795624
2021-02-19,contrarian,-0.005676313614024764,0.9915555132737474,-0.03497655128205557
2021-02-22,contrarian,0.00031342575019302184,0.9918662923043533,-0.034674088083687216
2021-02-23,contrarian,-0.00781042479277631,0.9841193952238203,-0.04221369351922777
2021-02-24,contrarian,-0.002570199244495367,0.9815900122977228,-0.04467539516053265
2021-02-25,contrarian,-0.0049650229049095895,0.9767163954034341,-0.04941860370518425
2021-02-26,contrarian,-0.0183041462684137,0.9588384356392119,-0.06681818462299749
2021-03-01,contrarian,0.008827721076832867,0.9673027939067815,-0.05858031584287693
2021-03-02,contrarian,0.010051498401381975,0.9770256363933879,-0.049117637392542046
2021-03-03,contrarian,-0.010152877294719172,0.967106014993291,-0.058771829341808135
2021-03-04,contrarian,-0.005321578412187156,0.9619594845016063,-0.06378064885572521
2021-03-05,contrarian,0.015865099796953427,0.9772210677238501,-0.04892743541798239
2021-03-08,contrarian,-0.005619396936722605,0.9717296746493819,-0.054271889673995544
2021-03-09,contrarian,0.006140288347684849,0.9776963750477311,-0.04846484637808268
2021-03-10,contrarian,0.008127460409775022,0.985642563628712,-0.0407312820885114
2021-03-11,contrarian,0.002412007341887552,0.9880199407286614,-0.03841751889806577
2021-03-12,contrarian,0.0011837510561627748,0.9891895103770088,-0.03727924462047383
2021-03-15,contrarian,0.021967016815208566,1.0109190529848886,-0.016131141598701326
2021-03-16,contrarian,0.0026955635425718522,1.0136440495286059,-0.013479060573323043
2021-03-17,contrarian,-0.0022742765608251263,1.0113387426257432,-0.01572268202262428
2021-03-18,contrarian,-0.004609619305043142,1.0066768560337975,-0.0202598257490888
2021-03-19,contrarian,-0.003028874815720681,1.0036277578569879,-0.02322733608882721
2021-03-22,contrarian,0.00595997866525153,1.0096093578816698,-0.01740579185111568
2021-03-23,contrarian,-0.0065710068140135604,1.0029752079115375,-0.023862425088272188
2021-03-24,contrarian,-0.0027624936572594925,1.0002044952612934,-0.026558998947578516
2021-03-25,contrarian,0.0021756107357587757,1.002380550899138,-0.024441170255061206
2021-03-26,contrarian,0.01934839542634195,1.021775006165609,-0.005565672255496645
2021-03-29,contrarian,0.009680160113663294,1.0316659518254314,0.0
2021-03-30,contrarian,-0.012564823367875606,1.0187032513660936,-0.012564823367875566
2021-03-31,contrarian,0.0004138259888893578,1.0191248172464749,-0.012156197029441818
2021-04-01,contrarian,0.013100231022647083,1.0324755877933167,0.0
2021-04-05,contrarian,0.009729666660999649,1.0425212310981653,0.0
2021-04-06,contrarian,-0.0005917816959938433,1.0419042861159165,-0.0005917816959938316
2021-04-07,contrarian,-0.002313744035536799,1.0394935862883157,-0.0029041565001610703
2021-04-08,contrarian,-0.00021043570823269653,1.0392748397192817,-0.003113981070163807
2021-04-09,contrarian,0.0034943710805976163,1.0429064516639897,0.0
2021-04-12,contrarian,0.0010020647141038381,1.0439515114193134,0.0
2021-04-13,contrarian,0.007231602324245751,1.0515009535956932,0.0
2021-04-14,contrarian,-0.00415680999165972,1.047130063925547,-0.004156809991659682
2021-04-15,contrarian,0.012856636854563888,1.0605926348969341,0.0
2021-04-16,contrarian,0.004332730213367068,1.0651878966502266,0.0
2021-04-19,contrarian,-0.0010149771011951083,1.0641067553266563,-0.0010149771011952469
2021-04-20,contrarian,0.008363473184726427,1.073006383640517,0.0
2021-04-21,contrarian,0.006579873614146167,1.0800666300320438,0.0
2021-04-22,contrarian,-0.006116396008010589,1.0734605148077303,-0.006116396008010727
2021-04-23,contrarian,0.0027609088398094137,1.0764242414322494,-0.003372373980007559
2021-04-26,contrarian,-0.005744029518375658,1.0702412288151675,-0.009097032482694889
2021-04-27,contrarian,-0.004230233485673882,1.0657138585312849,-0.013288783396940174
2021-04-28,contrarian,-0.0015634133922710354,1.0640477072125283,-0.014831420927281402
2021-04-29,contrarian,0.0008400532046845682,1.0649415638989095,-0.014003826905276795
2021-04-30,contrarian,0.0005968632025243406,1.0655771883312395,-0.013415322071726687
2021-05-03,contrarian,0.014004500059846941,1.080500064128996,0.0
2021-05-04,contrarian,-0.006839652351150578,1.0731098193249577,-0.006839652351150471
2021-05-05,contrarian,0.0062939898622861494,1.0798639616489087,-0.0005887111914241183
2021-05-06,contrarian,0.012508268171789232,1.093371189670264,0.0
2021-05-07,contrarian,0.0008588163318737185,1.094310194704753,0.0
2021-05-10,contrarian,0.008980735723190775,1.10413790536259,0.0
2021-05-11,contrarian,-0.006472684688925869,1.0969911688480867,-0.006472684688926034
2021-05-12,contrarian,-0.01917333883093921,1.0759581854732143,-0.02552192054317859
2021-05-13,contrarian,0.015852410994461472,1.0930147168421909,-0.01007409352253541
2021-05-14,contrarian,0.010635228969376602,1.1046391786227059,0.0
2021-05-17,contrarian,0.009993386670089775,1.115678265065613,0.0
2021-05-18,contrarian,0.0067159785256428696,1.12317113633532,0.0
2021-05-19,contrarian,-0.0011100090715717523,1.1219244061850602,-0.0011100090715718824
2021-05-20,contrarian,0.005362418890726009,1.1279406348147534,0.0
2021-05-21,contrarian,-0.004022209920860366,1.12340382080326,-0.004022209920860331
2021-05-24,contrarian,0.003062970024004066,1.126844773031232,-0.0009715598052739693
2021-05-25,contrarian,-0.0030826095667725985,1.1233711505536184,-0.004051174432496141
2021-05-26,contrarian,9.576872122536607e-05,1.1234787343721682,-0.003955793687065778
2021-05-27,contrarian,-0.001266235189335418,1.122056146064236,-0.005217019911233023
2021-05-28,contrarian,0.0021883423287374386,1.1245115890238884,-0.0030400942079972237
2021-06-01,contrarian,-0.0001496257467446123,1.1243433331376578,-0.0031892650783756915
2021-06-02,contrarian,0.001973491444537592,1.1265622150863277,-0.0012220676211847081
2021-06-03,contrarian,0.0031213541702761133,1.130078614754463,0.0
2021-06-04,contrarian,0.0051336183167257805,1.1358800070305068,0.0
2021-06-07,contrarian,-0.000275072310246663,1.13556755789281,-0.00027507231024670453
2021-06-08,contrarian,-0.0035287756360718576,1.1315603947614041,-0.0038028772778520015
2021-06-09,contrarian,0.009023441420284108,1.1417709636970472,0.0
2021-06-10,contrarian,0.013399139287771155,1.1570697118743567,0.0
2021-06-11,contrarian,-0.004123520419942775,1.1522985112901454,-0.004123520419942905
2021-06-14,contrarian,-0.0012464954474586591,1.1508621764417089,-0.005364875917970524
2021-06-15,contrarian,-0.001726539474260331,1.1488751674646491,-0.007082152722183932
2021-06-16,contrarian,-0.004902622988483641,1.143242665657739,-0.011950054585923797
2021-06-17,contrarian,-0.008339662053104841,1.1337084081814628,-0.020190057222265856
2021-06-18,contrarian,-0.008185558637471405,1.124428371528499,-0.02821034896245045
2021-06-21,contrarian,0.012984124135318641,1.1390280890856992,-0.015592511499960993
2021-06-22,contrarian,-0.003674383324844359,1.1348428632686334,-0.019209601960557432
2021-06-23,contrarian,-0.004600721874602216,1.129621766883357,-0.023721945799217492
2021-06-24,contrarian,0.0027734766525046865,1.1327547464799692,-0.02101426140953877
2021-06-25,contrarian,0.0037117432233102795,1.1369592412338887,-0.01738051772860838
2021-06-28,contrarian,-0.00046515967185546306,1.1364303736463233,-0.01783759268454055
2021-06-29,contrarian,-0.0010852829189148452,1.1351970251732688,-0.01890351676880031
2021-06-30,contrarian,0.005173516201325614,1.1410699853746993,-0.013827798217740273
2021-07-01,contrarian,0.00329868263348775,1.1448340131190489,-0.010574729102092784
2021-07-02,contrarian,0.006080863793465577,1.1517955928189523,-0.004558168795949946
2021-07-06,contrarian,-0.0012952235773232635,1.150303760010876,-0.005847488525579259
2021-07-07,contrarian,0.0007778225632722738,1.1511984922300293,-0.005074214270820776
2021-07-08,contrarian,-0.0069188528890245455,1.143233519216223,-0.011957959417777997
2021-07-09,contrarian,0.006476698109998952,1.150637897589418,-0.005558709400939721
2021-07-12,contrarian,-0.0016677346920260295,1.1487189388496482,-0.0072171736404550435
2021-07-13,contrarian,0.0032929194994800806,1.1525015778428083,-0.003948019712786688
2021-07-14,contrarian,0.0030015767166961284,1.155960899744817,-0.0009582932801374122
2021-07-15,contrarian,0.0007770862658011362,1.1568591810838118,-0.00018195169088286445
2021-07-16,contrarian,-0.0032122331192655728,1.153143079708008,-0.003393600338900793
2021-07-19,contrarian,-0.010013709215231743,1.1415958402242552,-0.013373327027146109
2021-07-20,contrarian,0.0024035108318446355,1.144339678191823,-0.011001959131669126
2021-07-21,contrarian,-0.0015134752299758325,1.1426077484342012,-0.012498783169017758
2021-07-22,contrarian,0.00214029980275822,1.145053271572805,-0.010385234509410868
2021-07-23,contrarian,0.00713570287875933,1.1532240314990998,-0.003323637578437011
2021-07-26,contrarian,-0.00023586537648436303,1.1529520258787396,-0.003558719023892487
2021-07-27,contrarian,0.0016110066868293101,1.1548094393020236,-0.0019534454572072146
2021-07-28,contrarian,0.0052892926424803356,1.1609175643727907,0.0
2021-07-29,contrarian,0.0005917923977400736,1.1616045865617894,0.0
2021-07-30,contrarian,-0.005170414574950729,1.1555986092771007,-0.005170414574950821
2021-08-02,contrarian,-0.00503125488675517,1.1497844981270477,-0.010175655788109195
2021-08-03,contrarian,-0.006133319941064887,1.1427325019367578,-0.01624656517661549
2021-08-04,contrarian,-0.009503076987249615,1.1318730269950203,-0.02559524980421346
2021-08-05,contrarian,-0.007716349703880253,1.1231390988983372,-0.033114097609846294
2021-08-06,contrarian,-0.009475407983461536,1.112496897714098,-0.04227573600845036
2021-08-09,contrarian,-0.00341015383231033,1.108703112154925,-0.04554172307759785
2021-08-10,contrarian,-0.0008833108158109728,1.1077237827044353,-0.046384806396843614
2021-08-11,contrarian,0.010962230165478266,1.1198669057702157,-0.03593105715526845
2021-08-12,contrarian,-0.0009672947513709657,1.1187836643900302,-0.03686359598364197
2021-08-13,contrarian,0.001994014843201477,1.1210145356231551,-0.034943087698005804
2021-08-16,contrarian,0.006553456408260106,1.1283610555153873,-0.028618629291744635
2021-08-17,contrarian,0.0028523462892837224,1.131579531985059,-0.025847913243525533
2021-08-18,contrarian,-0.016631189068007965,1.1127600188431275,-0.042049220779367014
2021-08-19,contrarian,-0.0005436777118818321,1.1121550360222092,-0.04257003726710906
2021-08-20,contrarian,-0.0005385702622085386,1.1115560623928422,-0.043085680573184404
2021-08-23,contrarian,0.012326559553314487,1.1252577243927753,-0.031290219227350424
2021-08-24,contrarian,-0.003316188308260474,1.1215261578833642,-0.034502643276446254
2021-08-25,contrarian,-0.0069557974071846156,1.1137250491422692,-0.04121844728698765
2021-08-26,contrarian,-0.0024739870263910035,1.1109697078197245,-0.04359046040954273
2021-08-27,contrarian,0.011343607514247678,1.1235721121454498,-0.032741325969546264
2021-08-30,contrarian,-0.001173447526427475,1.12225365922969,-0.03387635326800287
2021-08-31,contrarian,0.00799608303059567,1.1312272926702802,-0.026151148370912036
2021-09-01,contrarian,8.645341870901864e-05,1.1313250911370685,-0.026066955808382808
2021-09-02,contrarian,0.005958047884541508,1.1380655802030464,-0.02026421609475193
2021-09-03,contrarian,0.0018406310166260236,1.1401603390089228,-0.01846088402279733
2021-09-07,contrarian,-0.021999461338247484,1.1150774257114928,-0.040054215856715425
2021-09-08,contrarian,0.003589129921368521,1.1190795834647567,-0.03660884571995515
2021-09-09,contrarian,-0.015817222647222916,1.1013788525331332,-0.05184701810356762
2021-09-10,contrarian,-0.0013523470329368046,1.0998894061097706,-0.05312924997540547
2021-09-13,contrarian,0.0014215851891510355,1.1014529925992003,-0.051783192541130285
2021-09-14,contrarian,-0.004612525538579883,1.096372512541291,-0.05615686678164511
2021-09-15,contrarian,0.004673748980283249,1.1014966824537915,-0.051745580900218524
2021-09-16,contrarian,-0.0122808498450537,1.0879693670917516,-0.0633909510360916
2021-09-17,contrarian,-0.004507082181200238,1.0830657997436408,-0.06761232499142766
2021-09-20,contrarian,-0.011464264780834177,1.0706492466403137,-0.07830146417611239
2021-09-21,contrarian,-0.00015246541637441388,1.0704860096571338,-0.07844199132714835
2021-09-22,contrarian,-0.0010700791769388547,1.0693405048689952,-0.07942813136257054
2021-09-23,contrarian,0.004881598955212224,1.0745605963603297,-0.07493426869043229
2021-09-24,contrarian,-0.00016375116480662753,1.0743846358110205,-0.07508574928145695
2021-09-27,contrarian,0.0006669824596342967,1.075101231518007,-0.07446884769956186
2021-09-28,contrarian,0.0004999171290261625,1.07563869303908,-0.07400615882307959
2021-09-29,contrarian,0.009012584666144829,1.085332977830276,-0.06566056092914396
2021-09-30,contrarian,-0.004419720993446621,1.0805361088832797,-0.0697900805630105
2021-10-01,contrarian,0.01086768296955047,1.0922790327517748,-0.05968085406343815
2021-10-04,contrarian,0.0032263755844316824,1.095803135154432,-0.05664703132941473
2021-10-05,contrarian,-0.005161032801829369,1.0901476592295525,-0.06151570694442665
2021-10-06,contrarian,0.0035714658215368384,1.0940410843349193,-0.05816394236772948
2021-10-07,contrarian,0.008607620731941925,1.1034581750540366,-0.05005697479196358
2021-10-08,contrarian,-0.002989365537559736,1.1001595352133917,-0.05289670173416561
2021-10-11,contrarian,-0.0015472099243915803,1.0984573574620955,-0.05436206935666654
2021-10-12,contrarian,0.002790671392682072,1.101522790985646,-0.05172310463578522
2021-10-13,contrarian,0.008741197538873093,1.1111514192952223,-0.04343402897185733
2021-10-14,contrarian,0.01444339982381028,1.1272002235088974,-0.029617964194446622
2021-10-15,contrarian,-0.007243057981192846,1.1190358469336088,-0.03664649754369431
2021-10-18,contrarian,-0.0083746570161916,1.1096643055267164,-0.04471425271211271
2021-10-19,contrarian,0.009391609600008984,1.1200858394712885,-0.03574258191713198
2021-10-20,contrarian,0.006898698380808378,1.1278129738384155,-0.02909046082832112
2021-10-21,contrarian,0.0025497848144908175,1.1306886542326944,-0.026614850429096948
2021-10-22,contrarian,0.005993557466348565,1.1374655016583863,-0.02078081059825354
2021-10-25,contrarian,0.004667392441775239,1.1427744995436069,-0.01621041035479842
2021-10-26,contrarian,8.990095041225548e-05,1.1428772360572228,-0.016121966735683557
2021-10-27,contrarian,-0.009784215912936215,1.1316950784176592,-0.025748441845136694
2021-10-28,contrarian,0.008848360986124409,1.1417087249977191,-0.017127912367288167
2021-10-29,contrarian,0.0020625610767945105,1.144063568974936,-0.01510067865586917
2021-11-01,contrarian,0.0030361927942125157,1.1475371665391787,-0.0121103344333795
2021-11-02,contrarian,0.004005786820953837,1.152133955797456,-0.008153059030496346
2021-11-03,contrarian,-0.0010737898213930305,1.1508968060828393,-0.009218094180089231
2021-11-04,contrarian,0.006758233216877352,1.1586748351069065,-0.0025221589934959487
2021-11-05,contrarian,-0.007433345950929026,1.1500620042129213,-0.009936756864083018
2021-11-08,contrarian,-0.004863743139558098,1.1444683980298642,-0.014752170170614032
2021-11-09,contrarian,0.0063352687949951875,1.1517189129587608,-0.008510360338959244
2021-11-10,contrarian,0.001858362028419471,1.153859223654016,-0.006667813641041853
2021-11-11,contrarian,0.009136292660351241,1.1644012192101647,0.0
2021-11-12,contrarian,-0.0004329468576453858,1.1638970953612693,-0.00043294685764527774
2021-11-15,contrarian,-0.005856723985341497,1.1570804713263976,-0.006287135192741378
2021-11-16,contrarian,-0.015058270503392437,1.1396568405949719,-0.021250732313710108
2021-11-17,contrarian,-0.0022025371423432263,1.137146704074036,-0.02340646392883028
2021-11-18,contrarian,-0.0005167774326852657,1.136559052319718,-0.02391114542917827
2021-11-19,contrarian,-0.012396743830595565,1.122469420899766,-0.036011468915192135
2021-11-22,contrarian,-0.005700232968892604,1.1160710837001795,-0.04150642812171601
2021-11-23,contrarian,0.004488194832937994,1.1210802281712342,-0.037204522225007586
2021-11-24,contrarian,0.002469973890877111,1.1238492670643958,-0.03482644253264866
2021-11-26,contrarian,-0.008666326095741162,1.114109622833556,-0.04319095132064732
2021-11-29,contrarian,-0.00412970538425158,1.1095086783254937,-0.04714229080067922
2021-11-30,contrarian,-0.013202396390239589,1.0948605049558298,-0.05972229598102419
2021-12-01,contrarian,-0.019064641283194204,1.07398738217371,-0.0776483531147314
2021-12-02,contrarian,-8.750548785415365e-05,1.0738934023838838,-0.07772906394556522
2021-12-03,contrarian,0.011346845854227877,1.086078705284606,-0.06726419779832116
2021-12-06,contrarian,0.013443034932566916,1.100678899259264,-0.054725397826468125
2021-12-07,contrarian,0.00011664038408831974,1.1008072828688316,-0.05461514063380157
2021-12-08,contrarian,-0.0004642510716379991,1.100296231908093,-0.055054036567872555
2021-12-09,contrarian,0.006913866783384659,1.1079035334777654,-0.048520806059205945
2021-12-10,contrarian,0.009414237236911382,1.1183336001775375,-0.039563355201462036
2021-12-13,contrarian,0.010809296434385595,1.13042199957439,-0.029181710801387983
2021-12-14,contrarian,0.0034054136052826586,1.1342715540314514,-0.025875672991093945
2021-12-15,contrarian,0.006244774263396276,1.1413548238397695,-0.01979248646444054
2021-12-16,contrarian,0.01174971682274172,1.154765419814157,-0.00827532575287393
2021-12-17,contrarian,-0.014932916220884404,1.1375214045452977,-0.023084667227590283
2021-12-20,contrarian,0.001349352002320503,1.1390563213302032,-0.021766464567216315
2021-12-21,contrarian,-0.002635463299421475,1.1360543801993634,-0.02434456314811273
2021-12-22,contrarian,0.0059689557416826265,1.1428354385149182,-0.01852091902641173
2021-12-23,contrarian,0.003619887252327834,1.1469723739503068,-0.01496807541276901
2021-12-27,contrarian,0.009663322035871518,1.1580559373660366,-0.005449394709868272
2021-12-28,contrarian,0.005554169115569656,1.1644879758874571,0.0
2021-12-29,contrarian,0.004045806817709368,1.1691992692794433,0.0
2021-12-30,contrarian,0.002508923096517671,1.17213270033057,0.0
2021-12-31,contrarian,0.002039704135360615,1.1745235042466255,0.0
2022-01-03,contrarian,-0.0035791498916153087,1.1703197085737016,-0.003579149891615341
2022-01-04,contrarian,-0.007798626191196921,1.161192822642345,-0.011349863630725099
2022-01-05,contrarian,0.0032424539425786832,1.1649579368882155,-0.00814421109822383
2022-01-06,contrarian,-0.005893850977341086,1.1580918484133256,-0.013990061309024027
2022-01-07,contrarian,0.0012507875293119076,1.1595403752551188,-0.01275677237393169
2022-01-10,contrarian,0.0008342951058346069,1.1605077741152119,-0.011933120180854795
2022-01-11,contrarian,0.002253615039315215,1.1631231118882002,-0.009706397800645084
2022-01-12,contrarian,0.002361334258843499,1.1658696343395545,-0.007367983591458183
2022-01-13,contrarian,0.0020836427275454416,1.1682988901244122,-0.005299693109339643
2022-01-14,contrarian,-0.0018712329028431256,1.1661127308008563,-0.007161009052061629
2022-01-18,contrarian,-0.008675952283604333,1.1559955923911245,-0.015774832762827873
2022-01-19,contrarian,0.00943590640564993,1.166903458606271,-0.006487776202692808
2022-01-20,contrarian,-0.014710002016893254,1.149738306376653,-0.021102343018559178
2022-01-21,contrarian,-0.004778784720340907,1.1442439545257497,-0.02578028418451961
2022-01-24,contrarian,-0.0016146351962062835,1.142396417963726,-0.02735329362651351
2022-01-25,contrarian,-0.009848233420486364,1.1311458313808918,-0.03693214542654688
2022-01-26,contrarian,-0.011244301980678589,1.1184268860686593,-0.047761171211255005
2022-01-27,contrarian,-0.0007103499637424321,1.117632411570692,-0.048437594028759134
2022-01-28,contrarian,0.014365166537339368,1.1336873872904332,-0.03476824159631087
2022-01-31,contrarian,0.00969975919358366,1.1446838819479535,-0.025405725973795756
2022-02-01,contrarian,0.0009963257485480217,1.1458243599734863,-0.02443471260419583
2022-02-02,contrarian,0.003982446924894295,1.1503875446723317,-0.02054957562537274
2022-02-03,contrarian,-0.0031340787020071505,1.14678213956952,-0.023619250340077058
2022-02-04,contrarian,-0.007776278276376453,1.137864442529849,-0.031211858753129706
2022-02-07,contrarian,-0.003623340057592868,1.1337415727151199,-0.034722107632630506
2022-02-08,contrarian,-0.00102165573607774,1.1325832791341257,-0.03570828932827663
2022-02-09,contrarian,-1.9487315347265544e-05,1.132561208126608,-0.035727080784929255
2022-02-10,contrarian,-0.010872528759230489,1.1202474038196628,-0.04621116583084217
2022-02-11,contrarian,-0.00596193373171692,1.113568563034962,-0.05189759165421026
2022-02-14,contrarian,-0.0066977206051391375,1.1061101919250875,-0.05824771669036999
2022-02-15,contrarian,0.0058236314815209795,1.1125517700608136,-0.05276329844549377
2022-02-16,contrarian,-0.003757411369595468,1.1083714553907236,-0.0563224563976128
2022-02-17,contrarian,0.007295860216306467,1.1164579785969984,-0.04943751695022247
2022-02-18,contrarian,-0.0055287885261099245,1.1102853185350474,-0.054692975899858554
2022-02-22,contrarian,-0.007625053728014751,1.1018193333277917,-0.06190099274809191
2022-02-23,contrarian,-0.005780023062728378,1.095450792170197,-0.06732322664513057
2022-02-24,contrarian,-0.004839718849869583,1.0901491183222265,-0.07183712000597153
2022-02-25,contrarian,0.02040633399393691,1.1123950653339056,-0.052896718276039034
2022-02-28,contrarian,-0.008044107112247886,1.1034468402772237,-0.06051531852058811
2022-03-01,contrarian,-0.003846683560637085,1.0992022294566923,-0.06412921880030531
2022-03-02,contrarian,0.009612473617765818,1.1097682818879342,-0.05513318560638536
2022-03-03,contrarian,0.00954338809891048,1.1203592313018518,-0.04611595489484599
2022-03-04,contrarian,0.00940733736011285,1.130898828555225,-0.03714244588011262
2022-03-07,contrarian,-0.00855537506707162,1.1212235649140232,-0.045380053391771424
2022-03-08,contrarian,-0.01751681217931519,1.1015833023164021,-0.06210195169913557
2022-03-09,contrarian,0.007389049150442428,1.1097229554805248,-0.05517177692213637
2022-03-10,contrarian,0.0027061458638203252,1.1127260276664848,-0.052614933934233665
2022-03-11,contrarian,-0.006390174302403516,1.1056155143988748,-0.058668889637887967
2022-03-14,contrarian,-0.0012257371195750592,1.104260320422898,-0.05982271412166962
2022-03-15,contrarian,0.009684658030197957,1.1149547040025105,-0.05071741862017842
2022-03-16,contrarian,0.004490934386134802,1.119961892421698,-0.04645425283330107
2022-03-17,contrarian,0.011253721539254274,1.1325656316935881,-0.03572331451974686
2022-03-18,contrarian,0.004447437331579801,1.1376026463644464,-0.031434754390769926
2022-03-21,contrarian,-7.85258700700133e-05,1.1375133151268466,-0.031510811819401074
2022-03-22,contrarian,0.0039180440148387655,1.1419701423629787,-0.027716228552214117
2022-03-23,contrarian,-0.01019768988763304,1.1303246849902249,-0.03763127693621693
2022-03-24,contrarian,0.0071094925090353,1.1383607198709407,-0.03078932370866494
2022-03-25,contrarian,0.0071618411170443,1.1465134784805404,-0.023847990836123434
2022-03-28,contrarian,0.009316640871139698,1.1571951328134646,-0.014753533131102281
2022-03-29,contrarian,0.01290698398989944,1.1721310318658775,-0.0020369727571204477
2022-03-30,contrarian,0.0041870717448774675,1.1770388285906972,0.0
2022-03-31,contrarian,-0.00925710869966325,1.166142852210709,-0.009257108699663119
2022-04-01,contrarian,0.00875178571274305,1.1763486845637041,-0.0005863392185790905
2022-04-04,contrarian,0.0032808681853570597,1.1802081295377758,0.0
2022-04-05,contrarian,-0.005238975120847576,1.1740250485097052,-0.005238975120847589
2022-04-06,contrarian,0.00873539314909419,1.1842806188753219,0.0
2022-04-07,contrarian,0.0013143773866478008,1.1858372105402168,0.0
2022-04-08,contrarian,0.001452054953650134,1.1875591113360044,0.0
2022-04-11,contrarian,-0.010595420098763408,1.1749764236592852,-0.010595420098763464
2022-04-12,contrarian,-0.005096752483076285,1.1689878596544436,-0.01563817034814219
2022-04-13,contrarian,0.013235157683185398,1.1844595983066997,-0.0026099863153908887
2022-04-14,contrarian,-0.0026665029370538653,1.1813012333089932,-0.00526952971626915
2022-04-18,contrarian,-0.007987836335653826,1.171865192394215,-0.013215273910983538
2022-04-19,contrarian,0.01772497257512584,1.192636470791147,0.0
2022-04-20,contrarian,0.0044544799828385336,1.1979490460770894,0.0
2022-04-21,contrarian,0.00039950202374675373,1.1984276291453428,0.0
2022-04-22,contrarian,-0.009490347261649934,1.1870541347767978,-0.009490347261649879
2022-04-25,contrarian,-0.0006253052547027104,1.1863118635887053,-0.010109718152340852
2022-04-26,contrarian,-0.021900468980849342,1.1603310774185673,-0.031788779564389746
2022-04-27,contrarian,-0.006569823882165006,1.1527079065949246,-0.03814975676338772
2022-04-28,contrarian,0.015943494552871498,1.1710860988247729,-0.022814502649666446
2022-04-29,contrarian,-0.02533147857688127,1.1414207564007097,-0.047568056141435555
2022-05-02,contrarian,0.0015514119867469662,1.1431915702441116,-0.04609044180717259
2022-05-03,contrarian,0.004438401536882316,1.148265513466434,-0.04185660815804282
2022-05-04,contrarian,0.020580572755404092,1.1718974754088511,-0.02213746837212993
2022-05-05,contrarian,-0.019483464860048014,1.1490648521271438,-0.0411896186450591
2022-05-06,contrarian,-0.010096139768184263,1.1374637327773602,-0.05086990226640464
2022-05-09,contrarian,-0.01877759258140514,1.1161049022271428,-0.06869228054839527
2022-05-10,contrarian,-0.012270241404662499,1.1024100256438885,-0.08011965108809216
2022-05-11,contrarian,0.003082705004280967,1.1058084305467104,-0.07728393133316169
2022-05-12,contrarian,-0.008445072710930849,1.096469797946383,-0.08507633562459738
2022-05-13,contrarian,0.007491918276574692,1.1046844600653298,-0.07822180230179254
2022-05-16,contrarian,0.005371185999328578,1.1106179257709086,-0.07327076015182965
2022-05-17,contrarian,-0.018279792076519783,1.0903160610113607,-0.09021117796748546
2022-05-18,contrarian,-0.03298273651317245,1.054354453654943,-0.12021850296721337
2022-05-19,contrarian,0.0015936589689358183,1.0560347350864476,-0.11881643129376329
2022-05-20,contrarian,0.002039781789576326,1.058188815508237,-0.11701900909704233
2022-05-23,contrarian,0.01680687124849008,1.0759736586870763,-0.10217886126807207
2022-05-24,contrarian,0.014967362167393496,1.0920781461192213,-0.08874084712312968
2022-05-25,contrarian,0.001575301972214158,1.093798498976615,-0.08730533878240443
2022-05-26,contrarian,0.005522843556310813,1.0998393769685904,-0.08226466895381956
2022-05-27,contrarian,0.01033038737845604,1.1112011437867557,-0.07278410747321684
2022-05-31,contrarian,-0.005415990732893201,1.1051828886896262,-0.07780590015453326
2022-06-01,contrarian,-0.008772718964930119,1.0954874298023025,-0.08589604982359422
2022-06-02,contrarian,0.00769507842382033,1.1039172914869406,-0.07886194823946291
2022-06-03,contrarian,-0.010269679931556912,1.0925804142324584,-0.08832174120382152
2022-06-06,contrarian,-0.00574784061521451,1.0863004361521453,-0.0935619225277382
2022-06-07,contrarian,1.3146642766739945e-05,1.0863147173559167,-0.09355000591014362
2022-06-08,contrarian,-0.007919568186341082,1.0777115738799907,-0.10072869844584664
2022-06-09,contrarian,-0.018478910109977726,1.0577966385817799,-0.11734625199174842
2022-06-10,contrarian,0.0008793952063641983,1.0587268598750568,-0.11657005051687064
2022-06-13,contrarian,-0.022957154242522843,1.0344215040522031,-0.136851088129619
2022-06-14,contrarian,-0.006807605592720347,1.0273795704359872,-0.14272706548941838
2022-06-15,contrarian,0.0020871236985812052,1.0295238386848822,-0.14093783083164912
2022-06-16,contrarian,0.006905067332888072,1.0366327701118148,-0.13500594871040472
2022-06-17,contrarian,-0.009562469009828182,1.0267200013730482,-0.1432774275195472
2022-06-21,contrarian,0.031152876182578976,1.05870528245,-0.11658805529624316
2022-06-22,contrarian,0.0010448569740054412,1.0598114780477843,-0.11566501616489977
2022-06-23,contrarian,0.015948017628169064,1.0767133701822262,-0.10156162625349097
2022-06-24,contrarian,0.009285940343469093,1.086711666304754,-0.0932187811125974
2022-06-27,contrarian,0.0017117610239983266,1.0885718569794587,-0.09166658836481234
2022-06-28,contrarian,-0.012991310587016271,1.0744298818891533,-0.10346702983192935
2022-06-29,contrarian,-0.00032244047206619203,1.074083442210835,-0.1037561083460532
2022-06-30,contrarian,-0.008950076768792614,1.0644703129469588,-0.11177755997991756
2022-07-01,contrarian,0.011037702884628822,1.0762196199907752,-0.10197362459151593
2022-07-05,contrarian,-0.00046416408760251203,1.0757200774928022,-0.10239045618470044
2022-07-06,contrarian,0.003225382803878025,1.0791896865325337,-0.09949532179748188
2022-07-07,contrarian,-0.0006399286092400105,1.0784990821773248,-0.10007158050381804
2022-07-08,contrarian,-0.00048405538624108984,1.0779770288875408,-0.10050719570250666
2022-07-11,contrarian,0.001296580445983972,1.0793747128244162,-0.09934093092115126
2022-07-12,contrarian,-0.005117570896707778,1.0738509362074238,-0.10395011756092509
2022-07-13,contrarian,-0.0018213515054052128,1.0718950761881816,-0.10558213936322358
2022-07-14,contrarian,-0.00023229675176429524,1.071646078443751,-0.10578990972696956
2022-07-15,contrarian,0.013728300278825703,1.0863579576012528,-0.09351392509534551
2022-07-18,contrarian,-0.016640979889228982,1.0682798966763065,-0.10859874163769989
2022-07-19,contrarian,0.01129839380450476,1.0803497436423912,-0.09852733918289147
2022-07-20,contrarian,-0.006759971802344781,1.0730466098386982,-0.10462126895059987
2022-07-21,contrarian,0.0037486534663161513,1.0770690897321888,-0.10126480436678575
2022-07-22,contrarian,0.00016929049083027367,1.077251427287048,-0.10111265704439043
2022-07-25,contrarian,-0.00037556035924436916,1.0768468543540195,-0.10145024349783105
2022-07-26,contrarian,-0.006404414464155446,1.0699502807843144,-0.10720492855513675
2022-07-27,contrarian,0.00638457035168767,1.0767814536247897,-0.10150481561185709
2022-07-28,contrarian,0.00620551562262313,1.083463437757409,-0.09592918970828501
2022-07-29,contrarian,-0.0014326818322974552,1.0819111793741754,-0.0972244355333004
2022-08-01,contrarian,-0.004389563794157534,1.0771620612327002,-0.10118722646533362
2022-08-02,contrarian,-0.004660957268939025,1.0721414548935724,-0.10537655439555516
2022-08-03,contrarian,0.008953125568842335,1.081740471966796,-0.09736687835022806
2022-08-04,contrarian,-0.0035949773592710513,1.0778516394614681,-0.10061182398628721
2022-08-05,contrarian,-0.00494663837669971,1.0725198971773193,-0.10506077205330655
2022-08-08,contrarian,0.0034653513524840847,1.0762365554535689,-0.10195949318935038
2022-08-09,contrarian,0.002843533597496979,1.0792968702578556,-0.09940588483632107
2022-08-10,contrarian,0.009649463191523423,1.0897115056801352,-0.09071563507154656
2022-08-11,contrarian,-0.0046871549109191385,1.0846038590448015,-0.09497759174804288
2022-08-12,contrarian,0.017466484445225836,1.1035480754780396,-0.07917003193172911
2022-08-15,contrarian,0.005864024449829817,1.1100193083742054,-0.07377026248484087
2022-08-16,contrarian,0.014642958163487117,1.1262732746673916,-0.06020751918862888
2022-08-17,contrarian,-0.01092324544979755,1.1139707152446525,-0.0704731031284056
2022-08-18,contrarian,-0.005055888612668928,1.1083386033906004,-0.07517268758146811
2022-08-19,contrarian,-0.00954963059567022,1.097754379153299,-0.08400444677985164
2022-08-22,contrarian,-0.010159321098155111,1.086601939928575,-0.09331033972949732
2022-08-23,contrarian,-0.002272236718207144,1.084132923102594,-0.0953705532675827
2022-08-24,contrarian,-0.00047851521767562643,1.0836141490009064,-0.09580343222420162
2022-08-25,contrarian,0.008063212154918257,1.092351559778372,-0.0885127034684764
2022-08-26,contrarian,-0.01912596871348246,1.071459278021927,-0.105945780984675
2022-08-29,contrarian,-0.007764488200698432,1.0631399451001968,-0.11288765441900417
2022-08-30,contrarian,-0.008999448550154023,1.0535722718626541,-0.12087117633126676
2022-08-31,contrarian,-0.005603277320788863,1.047668814245914,-0.12579717893098163
2022-09-01,contrarian,0.009497804169006911,1.0576193674775973,-0.11749417173247478
2022-09-02,contrarian,-0.015296107812890583,1.0414419076076589,-0.13099307602715915
2022-09-06,contrarian,0.00023431777949507054,1.0416859359629225,-0.1307894522543681
2022-09-07,contrarian,0.012276440082355646,1.0544741309404038,-0.12011864104601744
2022-09-08,contrarian,0.007098803822681393,1.061959635932042,-0.11387253589156887
2022-09-09,contrarian,0.010350031184086433,1.0729509512801798,-0.1047010890049711
2022-09-12,contrarian,0.01761384177184306,1.0918497395649773,-0.08893143564820127
2022-09-13,contrarian,-0.02867839478071542,1.0605372416925116,-0.1150594196089818
2022-09-14,contrarian,0.007209180271508995,1.068182845852522,-0.10867972343536902
2022-09-15,contrarian,-0.0024213852934000446,1.0655963636189125,-0.11083795324475187
2022-09-16,contrarian,-5.220332834782193e-05,1.0655407359420561,-0.11088437046303312
2022-09-19,contrarian,-0.00022959092275172833,1.0652960974612615,-0.11108850334085163
2022-09-20,contrarian,-0.014662217284076748,1.0496764946084054,-0.12412191685118201
2022-09-21,contrarian,-0.017767062215248524,1.031026827022814,-0.13968369724745955
2022-09-22,contrarian,0.009209746358430613,1.0405223225884317,-0.13176040231108588
2022-09-23,contrarian,-0.011863482035425237,1.028178104706945,-0.14206074718071304
2022-09-26,contrarian,-0.010035606461472266,1.0178597138758037,-0.15067068788985694
2022-09-27,contrarian,0.00024622075077545495,1.0181103320587381,-0.1504615653889737
2022-09-28,contrarian,0.021056273636249033,1.0395479418024591,-0.13257345164529344
2022-09-29,contrarian,-0.01478582759840743,1.0241773651546886,-0.14539907104354777
2022-09-30,contrarian,-0.024676495020102815,0.9989042575037469,-0.16648762661111693
2022-10-03,contrarian,0.024882582616895486,1.0237595752174524,-0.14574768611806344
2022-10-04,contrarian,0.0239950940785026,1.048324782538563,-0.12524982147968788
2022-10-05,contrarian,-0.0013290357889171242,1.0469315213841606,-0.126412395773303
2022-10-06,contrarian,-0.01019595245307181,1.0362570573705054,-0.1353194534495914
2022-10-07,contrarian,-0.014035087189571683,1.0217130992195014,-0.14745532031155295
2022-10-10,contrarian,0.007077302604655299,1.028944071997818,-0.1414216036294088
2022-10-11,contrarian,0.014867654123997674,1.0442420565732193,-0.12865655699383427
2022-10-12,contrarian,-0.00670069498297917,1.0372449090637232,-0.13449516363083758
2022-10-13,contrarian,0.01792902673399376,1.0558417007680256,-0.11897750428117393
2022-10-14,contrarian,-0.006870144381425355,1.0485879158398197,-0.12503025603004592
2022-10-17,contrarian,0.010737905449985442,1.059847553736105,-0.11563491364769862
2022-10-18,contrarian,0.00849879376443503,1.068854979517049,-0.10811887716632373
2022-10-19,contrarian,-0.011369616243385628,1.0567025085801083,-0.11825922326766247
2022-10-20,contrarian,-0.00034097521207683014,1.056342199218143,-0.11855987501600573
2022-10-21,contrarian,0.025745311272346857,1.0835380579471297,-0.09586692463035629
2022-10-24,contrarian,0.018260115284703754,1.1033235878006082,-0.07935735044139292
2022-10-25,contrarian,0.004659020202981166,1.108463994686597,-0.07506805773737313
2022-10-26,contrarian,0.013568439165758851,1.1235041209659362,-0.06251817494631551
2022-10-27,contrarian,0.0003414487548463437,1.1238877400491047,-0.06219807294445989
2022-10-28,contrarian,0.028540278923464783,1.1559638096287688,-0.03543294437133182
2022-10-31,contrarian,-0.00580883509191138,1.1492490064864176,-0.04103595533256932
2022-11-01,contrarian,-0.0010755746281137818,1.1480129034136557,-0.04206739272828708
2022-11-02,contrarian,-0.020788638810269808,1.12414727781506,-0.061981507705438754
2022-11-03,contrarian,-0.015747488419905673,1.1064447815753988,-0.07675294305050484
2022-11-04,contrarian,0.028671120507228594,1.1381677932425411,-0.050282415422761906
2022-11-07,contrarian,0.009187809755749895,1.1486250623969751,-0.04155659093397601
2022-11-08,contrarian,0.014300106971496331,1.1650505236593935,-0.027850747658206276
2022-11-09,contrarian,-0.016577275761985734,1.1457371598520458,-0.04396633389608451
2022-11-10,contrarian,0.041211172711590846,1.192954331828796,-0.004567065364180611
2022-11-11,contrarian,0.0038450922556824575,1.1975413512914939,-0.0007395338961611042
2022-11-14,contrarian,-0.016636296965369037,1.1776186977430991,-0.017363527756017794
2022-11-15,contrarian,0.021085674312240506,1.202449582067715,0.0
2022-11-16,contrarian,0.001612315144205109,1.204388309739026,0.0
2022-11-17,contrarian,-0.007610346281622087,1.1952224976443746,-0.007610346281621938
2022-11-18,contrarian,0.011463529222276716,1.2089239656732433,0.0
2022-11-21,contrarian,0.0021254879012732293,1.2114935189358411,0.0
2022-11-22,contrarian,0.011988942079561873,1.2260180445641273,0.0
2022-11-23,contrarian,0.005002670588852488,1.2321514089770707,0.0
2022-11-25,contrarian,-0.001885354912781069,1.2298283662648657,-0.0018853549127809677
2022-11-28,contrarian,-0.01086038143978639,1.2164719611017598,-0.01272526067906532
2022-11-29,contrarian,0.008033479341484184,1.2262444634707657,-0.004794009456361326
2022-11-30,contrarian,0.01730792575830465,1.2474682116060498,0.0
2022-12-01,contrarian,0.011243424926229914,1.2614940267911008,0.0
2022-12-02,contrarian,0.007226635486804985,1.2706103842915017,0.0
2022-12-05,contrarian,-0.011000467701445145,1.2566330757979822,-0.011000467701445138
2022-12-06,contrarian,-0.011231653752471673,1.2425190081967157,-0.022108568009579055
2022-12-07,contrarian,0.003353280730158765,1.2466855232437577,-0.018829423514498234
2022-12-08,contrarian,0.0062547166507606194,1.2544831879442528,-0.012692479572517845
2022-12-09,contrarian,-0.013505068819132122,1.2375413061586213,-0.026026135581537768
2022-12-12,contrarian,0.006354419493745555,1.245405162758791,-0.01983709707107839
2022-12-13,contrarian,0.007032720438919092,1.2541637491016602,-0.012943885390179877
2022-12-14,contrarian,0.0007505361121807662,1.2551050442859488,-0.012203064131416475
2022-12-15,contrarian,-0.020817432704963723,1.2289769794888656,-0.03276646037003006
2022-12-16,contrarian,-0.0036648084769134925,1.2244730142365032,-0.03631118604522099
2022-12-19,contrarian,-0.005256193497175824,1.218036947141606,-0.04137652092243127
2022-12-20,contrarian,0.0025757790853209016,1.2211743412352014,-0.038907318614325725
2022-12-21,contrarian,0.008743416822080102,1.2318515775130499,-0.030504084696320155
2022-12-22,contrarian,-0.0006126066415827794,1.2310969370552212,-0.031098004333022566
2022-12-23,contrarian,0.0021588464590172936,1.2337546863184898,-0.029006293690542195
2022-12-27,contrarian,0.002658469266835117,1.2370345852348814,-0.026424936764028017
2022-12-28,contrarian,-0.010971178994958123,1.2234628573773156,-0.03710620304781764
2022-12-29,contrarian,0.007620023420459703,1.2327856730045934,-0.02976892976362666
2022-12-30,contrarian,0.0011865644951498484,1.23424845271431,-0.02861768802359288
2023-01-03,contrarian,0.008348637214265636,1.2445527452782905,-0.020507969504547252
2023-01-04,contrarian,0.015243612289891257,1.2635242248016327,-0.005576972750636178
2023-01-05,contrarian,-0.007212243780578153,1.2544113800696972,-0.012748994044179174
2023-01-06,contrarian,0.014327404155362912,1.2723838388890423,0.0
2023-01-09,contrarian,-0.004220559649975189,1.2670136669993468,-0.004220559649975031
2023-01-10,contrarian,0.0028314779790494927,1.2706011882966102,-0.0014010320926337583
2023-01-11,contrarian,0.007605329901158394,1.28026452950641,0.0
2023-01-12,contrarian,-0.0016170074557002598,1.2781943322169294,-0.00161700745570037
2023-01-13,contrarian,0.0013193605991388222,1.279880731456899,-0.0002997802724870047
2023-01-17,contrarian,-0.011553565542008882,1.2650935455400574,-0.011849882283469615
2023-01-18,contrarian,-0.017949186849083018,1.2423861451095901,-0.029586373381306874
2023-01-19,contrarian,-0.007333761044381099,1.2332747819965066,-0.03670315503313959
2023-01-20,contrarian,0.01665153578745802,1.2538107011646908,-0.020662783145228625
2023-01-23,contrarian,0.012871304211621248,1.2699488801231678,-0.008057435901328347
2023-01-24,contrarian,-0.005628812307949289,1.262800576236264,-0.013640894414905791
2023-01-25,contrarian,0.002111414682556612,1.2654668719140703,-0.011558281317099905
2023-01-26,contrarian,0.0024700109797614533,1.2685925889822225,-0.00911681941909881
2023-01-27,contrarian,0.0034998518784992217,1.2730324751378221,-0.005648875058169467
2023-01-30,contrarian,-0.006564850447551188,1.2646752073236665,-0.012176641485766804
2023-01-31,contrarian,0.008708325136508726,1.2756884102211226,-0.003574354502386745
2023-02-01,contrarian,-0.01852093061759252,1.2520614736857503,-0.022029084748237948
2023-02-02,contrarian,-0.006666690771052454,1.2437143670143391,-0.02854891442330454
2023-02-03,contrarian,-0.019879177168563925,1.2189903487653728,-0.047860562664077344
2023-02-06,contrarian,-0.013087594675697332,1.2030366971671447,-0.060321777694676504
2023-02-07,contrarian,0.012163215624596478,1.2176694919190911,-0.04889226885903919
2023-02-08,contrarian,-0.009139811281903677,1.2065402225592192,-0.057585214030427156
2023-02-09,contrarian,-0.0027870482831786874,1.2031775367033495,-0.06021176954170582
2023-02-10,contrarian,0.008115765516298168,1.2129422434657111,-0.052584668628329556
2023-02-13,contrarian,0.011559087522745794,1.2269627490179669,-0.04163341189261327
2023-02-14,contrarian,-0.009450537944324018,1.2153672910021005,-0.050690491698094364
2023-02-15,contrarian,0.00391707938068964,1.2201279811576495,-0.04697197099723227
2023-02-16,contrarian,-0.013274530298156373,1.203931355304144,-0.059622970443221845
2023-02-17,contrarian,0.007580224795792677,1.2130574256160527,-0.05249470116638166
2023-02-21,contrarian,-0.003354205240845765,1.2089885820416044,-0.05567282840545851
2023-02-22,contrarian,-0.009939355039377807,1.196972015286139,-0.0650588314372682
2023-02-23,contrarian,-0.00524866537653288,1.1906895097128278,-0.06996602477779856
2023-02-24,contrarian,-0.006097688780213247,1.1834290556487344,-0.07563708251372803
2023-02-27,contrarian,0.0009132864446216951,1.1845098653634298,-0.0747928743912768
2023-02-28,contrarian,-0.0005426794138711444,1.18386705624397,-0.07529496525191148
2023-03-01,contrarian,-0.0035395450433745464,1.1796767054730273,-0.0785680003742375
2023-03-02,contrarian,0.006457633918758768,1.1872946257794594,-0.07261772983962456
2023-03-03,contrarian,0.007746305719449901,1.196491772929807,-0.0654339432561647
2023-03-06,contrarian,0.004720743785723654,1.202140104031535,-0.061022096351442956
2023-03-07,contrarian,-0.009670932642883682,1.1905142880581367,-0.07010288841078427
2023-03-08,contrarian,-0.009016571524144023,1.179779930829345,-0.07848737222752344
2023-03-09,contrarian,-0.013026366633631116,1.164411684903362,-0.09049133357440853
2023-03-10,contrarian,-0.002336218756058632,1.161691364485317,-0.09261614477970992
2023-03-13,contrarian,0.005163894277067933,1.167690215874102,-0.087930510482634
2023-03-14,contrarian,0.010127557446125078,1.179516065614645,-0.07869347433268903
2023-03-15,contrarian,0.0034743357352715713,1.1836141004317369,-0.07549254614742429
2023-03-16,contrarian,0.006057466921902921,1.1907838036934,-0.06989237282665961
2023-03-17,contrarian,-0.008258411107251777,1.1809498215026428,-0.07757358398584757
2023-03-20,contrarian,0.011757163324503083,1.1948344414320922,-0.06672846595793314
2023-03-21,contrarian,-0.00021079507145106225,1.1945825762206383,-0.06692519499763472
2023-03-22,contrarian,-0.015343206891951275,1.176253848604165,-0.08124155477645312
2023-03-23,contrarian,0.009387949126548245,1.1872964598947675,-0.07261629723310781
2023-03-24,contrarian,0.013282381880852632,1.2030665848808744,-0.060298432742878716
2023-03-27,contrarian,0.003912057619965445,1.2077730506815834,-0.056622266066197025
2023-03-28,contrarian,-0.001028261490020924,1.2065311441648825,-0.05759230506054436
2023-03-29,contrarian,0.004787021166227022,1.212306834289712,-0.05308097947765378
2023-03-30,contrarian,0.0038473279790681965,1.2169709762924905,-0.049437871436086245
2023-03-31,contrarian,0.012226093480764574,1.2318497772120198,-0.03781620999298929
2023-04-03,contrarian,0.008331031217835076,1.2421123561616563,-0.029800226801146135
2023-04-04,contrarian,0.0006207211785951932,1.2428833616073205,-0.02919800325445343
2023-04-05,contrarian,0.014607765138021539,1.261039109847635,-0.015016755690472006
2023-04-06,contrarian,0.0013973780959520106,1.262801258277875,-0.013640361679994162
2023-04-10,contrarian,-0.003278267800547969,1.258661457574371,-0.016873912722058737
2023-04-11,contrarian,-0.002461873821642319,1.2555627918816585,-0.019294245099702012
2023-04-12,contrarian,0.0015477869773533595,1.2575061356201822,-0.017776321503651937
2023-04-13,contrarian,0.012671865503421254,1.2734410842404882,-0.005329715155470538
2023-04-14,contrarian,-0.008258153919902842,1.2629248117589023,-0.013543855467270327
2023-04-17,contrarian,-0.0003072482313763031,1.262536780344128,-0.01384694237300832
2023-04-18,contrarian,-0.000919174000945207,1.2613762893603986,-0.014753388624531683
2023-04-19,contrarian,-0.0003722259147548649,1.2609067724172414,-0.01512012294571008
2023-04-20,contrarian,0.0007702871010578874,1.261878032639671,-0.014361482680323556
2023-04-21,contrarian,0.007372795984079026,1.2711816019311144,-0.007094570978075421
2023-04-24,contrarian,0.00533569901700918,1.2779642443549786,-0.0017967264564598961
2023-04-25,contrarian,-0.0018052620085209975,1.2756571840563962,-0.0035987449029694085
2023-04-26,contrarian,-0.01938053115547423,1.2509342702570867,-0.022909530470730965
2023-04-27,contrarian,-0.007629728805231536,1.241389981021855,-0.030364465771415716
2023-04-28,contrarian,-0.0007732579870964353,1.2404300663039283,-0.031114244192830487
2023-05-01,contrarian,0.0021896608404790787,1.2431461874454668,-0.028992712994441616
2023-05-02,contrarian,-0.006854417166052348,1.234625144878328,-0.035648402010854396
2023-05-03,contrarian,-0.006526912549451813,1.226566854526353,-0.04194264055785357
2023-05-04,contrarian,-0.0029925788602911366,1.2228962564867636,-0.04480970275866658
2023-05-05,contrarian,0.009362866736093652,1.234346071168317,-0.035866383297986304
2023-05-08,contrarian,-0.00018706932980578662,1.234115162876035,-0.036046743127506
2023-05-09,contrarian,-0.0032040553768070785,1.2301609895528227,-0.03913530274317911
2023-05-10,contrarian,-0.002120681419526869,1.2275522099992513,-0.04117299065333102
2023-05-11,contrarian,1.9613053940030316e-07,1.2275524507597284,-0.04117280259807243
2023-05-12,contrarian,-0.0003293202078144392,1.227148192931541,-0.041488563769979
2023-05-15,contrarian,-0.0028012948643924987,1.2237105890008335,-0.04417363693375154
2023-05-16,contrarian,-0.011388115984548936,1.2097748308817713,-0.0550586984174396
2023-05-17,contrarian,-4.0467115145742364e-05,1.2097258747843895,-0.05509693746589672
2023-05-18,contrarian,0.005999127952199339,1.2169831750943074,-0.049428343091329596
2023-05-19,contrarian,6.46589708947899e-05,1.2170618639740054,-0.049366880106232025
2023-05-22,contrarian,-0.004590604171215096,1.2114748147046195,-0.053730860471711606
2023-05-23,contrarian,-0.005563724472581592,1.2047345026301313,-0.0589956412409538
2023-05-24,contrarian,-0.005050132086624924,1.1986504342625346,-0.06374783754677682
2023-05-25,contrarian,-0.010053231702322273,1.186600123716804,-0.0731601974677194
2023-05-26,contrarian,0.0008329381495898311,1.1875884882281555,-0.07238819723763212
2023-05-30,contrarian,-0.005887520132566494,1.180596537094508,-0.07784953040160203
2023-05-31,contrarian,0.004314897082125624,1.1856906896475847,-0.07387054603105103
2023-06-01,contrarian,-0.0009761961966306214,1.1845332229059704,-0.07477463008160312
2023-06-02,contrarian,0.01743996137319352,1.2051914365587149,-0.05863873536872766
2023-06-05,contrarian,-0.002898127450537839,1.2016986381732708,-0.061366920290628624
2023-06-06,contrarian,-0.013209181654937115,1.1858251825671495,-0.07376549514784281
2023-06-07,contrarian,0.0006308047198035882,1.1865732066891748,-0.07318122205053723
2023-06-08,contrarian,0.012944521838721698,1.2019328294764047,-0.061183996138833185
2023-06-09,contrarian,-0.0020191370775125726,1.1995059623357294,-0.06307959434119137
2023-06-12,contrarian,-0.000601668437808758,1.1987842574572285,-0.06364330977801524
2023-06-13,contrarian,0.005714154932275691,1.2056342964347122,-0.05829282257821389
2023-06-14,contrarian,-0.004902994496759383,1.1997230781141885,-0.06291000768667165
2023-06-15,contrarian,0.008097195786742763,1.2094374707675528,-0.05532220654911335
2023-06-16,contrarian,0.0073499641970422875,1.2183267928762556,-0.04837885858950863
2023-06-20,contrarian,-0.007381174027510604,1.209334110795657,-0.05540293984251776
2023-06-21,contrarian,-0.0023361499499144744,1.2065089249732919,-0.05760966021729397
2023-06-22,contrarian,0.005992911483165955,1.2137394261643066,-0.05196199832838544
2023-06-23,contrarian,-0.004110739216317061,1.2087500599067829,-0.055859135320415865
2023-06-26,contrarian,-0.0024114904277088064,1.2058351707078252,-0.05813592197799933
2023-06-27,contrarian,-0.003999713227698017,1.2010121758251215,-0.061903108189557576
2023-06-28,contrarian,-0.0054803649703027675,1.1944301907678223,-0.06704422153418554
2023-06-29,contrarian,0.005393741224279518,1.2008726381272907,-0.062012099491444705
2023-06-30,contrarian,0.012581837690658189,1.2159818227473607,-0.050210487971445006
2023-07-03,contrarian,1.5233276553711338e-05,1.2160003461347508,-0.050196019565140415
2023-07-05,contrarian,-0.005238728613843212,1.2096300503270114,-0.05517178485498675
2023-07-06,contrarian,-0.009381206293935431,1.1982822612855502,-0.06403541325359297
2023-07-07,contrarian,-0.00900257929683703,1.1874946302083338,-0.07246150866480883
2023-07-10,contrarian,0.004903040087364911,1.1933169639837757,-0.06791375025921842
2023-07-11,contrarian,0.013064791158840522,1.2089074009045255,-0.05573623806432815
2023-07-12,contrarian,0.0069285848856141825,1.21728341845054,-0.04919382643534742
2023-07-13,contrarian,0.0017889421358540229,1.2194610680490825,-0.047492889208427425
2023-07-14,contrarian,0.0013472182828114727,1.221103948295135,-0.04620965421426115
2023-07-17,contrarian,-0.0037217888261851673,1.2165592572647594,-0.04975946046572988
2023-07-18,contrarian,0.003870174766049406,1.2212675542036293,-0.046081863507947185
2023-07-19,contrarian,0.004602278363114838,1.2268881674439147,-0.041691666708187136
2023-07-20,contrarian,0.00015174472738109957,1.2270743412544105,-0.041546248471404756
2023-07-21,contrarian,0.007121858327353196,1.2358133908699547,-0.0347202766396979
2023-07-24,contrarian,-0.0010244504518437702,1.2345473612832834,-0.03570915788844997
2023-07-25,contrarian,0.004099248495558378,1.2396080776967195,-0.031756290104643425
2023-07-26,contrarian,0.003292910058583894,1.243689995604469,-0.028567950653168417
2023-07-27,contrarian,-0.00840399538996408,1.2332380306148645,-0.036731861117542564
2023-07-28,contrarian,0.005608779234990704,1.240154990472778,-0.03132910278245049
2023-07-31,contrarian,-0.0010755678006329219,1.2388211196972312,-0.03237097400890787
2023-08-01,contrarian,-0.009802309772641708,1.226677811329068,-0.04185597346667225
2023-08-02,contrarian,-0.004600623547365334,1.2210343285052367,-0.04626403343690899
2023-08-03,contrarian,-0.0021541781144200265,1.2184040030778152,-0.048318550583014486
2023-08-04,contrarian,-0.012498464663391676,1.2031758236996122,-0.06021310754935805
2023-08-07,contrarian,0.008918383787324253,1.2139062074589955,-0.051831727364186286
2023-08-08,contrarian,-0.004351181437217318,1.208624281302577,-0.05595737955143765
2023-08-09,contrarian,0.001582004599400065,1.2105363304745442,-0.05446389978385835
2023-08-10,contrarian,-0.00056591664474819,1.2098512678160565,-0.054998994401180834
2023-08-11,contrarian,0.004927682241744887,1.215813030423626,-0.050342329727460555
2023-08-14,contrarian,-0.008576762467529423,1.2053852908567555,-0.05848731799085549
2023-08-15,contrarian,-0.01127821080381815,1.1917907014466513,-0.0691058964930229
2023-08-16,contrarian,-0.0019017148918703368,1.1895242553217178,-0.07087619167241621
2023-08-17,contrarian,-0.008481154141845356,1.1794357167568705,-0.07875623390770081
2023-08-18,contrarian,0.006138567592560661,1.1866757626252629,-0.07310111678031805
2023-08-21,contrarian,-0.005335339600076536,1.1803444444364772,-0.0780464370972268
2023-08-22,contrarian,-0.003874177261045414,1.17577158082964,-0.08161824862636458
2023-08-23,contrarian,0.007847110677547607,1.1849979905559251,-0.07441160537909586
2023-08-24,contrarian,-0.007412984250815326,1.1762136191146861,-0.08127297757115814
2023-08-25,contrarian,0.005033188571654723,1.182133724060239,-0.07664885122139875
2023-08-28,contrarian,0.015321092548062971,1.2002453042507522,-0.06250210281660162
2023-08-29,contrarian,0.008363500906823201,1.2102835569412638,-0.05466133830336328
2023-08-30,contrarian,0.0014475356582400647,1.2120354855465179,-0.05329292688144449
2023-08-31,contrarian,0.0034423388270207094,1.2162077223581413,-0.050034040365833476
2023-09-01,contrarian,-0.004225596961654789,1.2110685187018038,-0.05404821363853907
2023-09-05,contrarian,-0.009472415891992995,1.1995967740189604,-0.06300866237272851
2023-09-06,contrarian,-0.005473932935324959,1.1930302617285484,-0.06813769011588067
2023-09-07,contrarian,0.007052201694732584,1.2014437517621777,-0.06156600915485855
2023-09-08,contrarian,0.007854624793676126,1.2108806416429763,-0.05419496226313769
2023-09-11,contrarian,0.005702598235949984,1.2177858074539556,-0.04880141612338673
2023-09-12,contrarian,-0.0037395544932970603,1.2132318310658177,-0.052358475061740406
2023-09-13,contrarian,0.0025169025304323054,1.2162854173314284,-0.04997335370968048
2023-09-14,contrarian,0.012499183922983851,1.231487992465497,-0.038098795925962436
2023-09-15,contrarian,-0.012763359920165498,1.2157700679802976,-0.05037588720120001
2023-09-18,contrarian,0.0014162580621691996,1.2174919121408188,-0.04903097439541837
2023-09-19,contrarian,0.0017580025818072127,1.2196322660656915,-0.04735916839318699
2023-09-20,contrarian,-0.0014538416286924828,1.2178591139055888,-0.04874415729136916
2023-09-21,contrarian,-0.01035952564893211,1.205242671178298,-0.05859871659260585
2023-09-22,contrarian,-0.0014562782342444488,1.2034875025092784,-0.05996965879132177
2023-09-25,contrarian,0.0023995848585315867,1.2063753728977318,-0.05771397621799701
2023-09-26,contrarian,-0.004343320737898038,1.2011356977229357,-0.0618066266461208
2023-09-27,contrarian,-0.0049636615354018135,1.1951736666613504,-0.06646350100620635
2023-09-28,contrarian,0.004023029891168289,1.1999818860474663,-0.06270785576625759
2023-09-29,contrarian,-0.00483139240374727,1.194184302678582,-0.0672362819120006
2023-10-02,contrarian,-0.007494370764587907,1.185234642753058,-0.07422675905110754
2023-10-03,contrarian,-0.008042109447620842,1.175702856034926,-0.08167192877849727
2023-10-04,contrarian,0.00816120639383482,1.185298009700848,-0.0741772638520064
2023-10-05,contrarian,-0.0009084238200696605,1.1842212567549548,-0.0750183032786852
2023-10-06,contrarian,0.0025872139624032184,1.1872850905250059,-0.0726251777179604
2023-10-09,contrarian,0.003031615061994312,1.1908844818883226,-0.06981373423861603
2023-10-10,contrarian,0.0042699989412736325,1.195969557365165,-0.06584183986862757
2023-10-11,contrarian,0.004392615217836411,1.2012229914429162,-0.061738442518568526
2023-10-12,contrarian,-0.0004704590880931193,1.2006578651697655,-0.06217985619529409
2023-10-13,contrarian,0.004773014625206506,1.20638862272009,-0.05770362693310094
2023-10-16,contrarian,0.006428624438635172,1.2141440421025997,-0.05164595744076583
2023-10-17,contrarian,0.008778919011715723,1.2248029143167758,-0.04332043410670505
2023-10-18,contrarian,-0.00815821542523469,1.2148107082883244,-0.05112523209818243
2023-10-19,contrarian,-0.01486497385166414,1.1967525788748967,-0.06523023071154688
2023-10-20,contrarian,0.002461719493144808,1.1996986480267844,-0.062929089748887
2023-10-23,contrarian,-0.0008372180911949832,1.1986942386146742,-0.06371362246768186
2023-10-24,contrarian,0.007893601084744154,1.2081562527568794,-0.056322951302361646
2023-10-25,contrarian,-0.001545782605064782,1.2062887058371676,-0.057781670869037294
2023-10-26,contrarian,0.0043705977269003285,1.2115609085128851,-0.05366361358149363
2023-10-27,contrarian,-0.022564888491752,1.1842221717113262,-0.07501758861671481
2023-10-30,contrarian,0.010999854364335503,1.1972484431351678,-0.06484291680192689
2023-10-31,contrarian,0.0005328365800410318,1.1978863809010674,-0.06434463089991438
2023-11-01,contrarian,0.008600773403164534,1.2081891302259342,-0.05629727108683036
2023-11-02,contrarian,0.012796712800972585,1.2236499795346922,-0.04422097829543459
2023-11-03,contrarian,0.0039719237927033435,1.228510224002347,-0.04042469685855943
2023-11-06,contrarian,-0.00352012794768032,1.2241857108288254,-0.04380252470105139
2023-11-07,contrarian,0.0005307660866140311,1.224835467087851,-0.04329500750905668
2023-11-08,contrarian,-0.0025187327439976743,1.221750433890887,-0.0457046916999897
2023-11-09,contrarian,-0.01768324589555451,1.2001459205453942,-0.06257973029363273
2023-11-10,contrarian,0.0027876526168515246,1.2034915104614061,-0.05996652822569615
2023-11-13,contrarian,0.0015292832455992274,1.2053319898645758,-0.05852895078700915
2023-11-14,contrarian,0.008722602592164522,1.2158456218037874,-0.05031687297269605
2023-11-15,contrarian,0.0008513482676612768,1.2168807298676536,-0.04950836188767416
2023-11-16,contrarian,-0.002653322123664662,1.2136519533052346,-0.052030322379435945
2023-11-17,contrarian,0.0007234901697593301,1.21453001856296,-0.05134447563644762
2023-11-20,contrarian,0.005650537608854054,1.2213927661099322,-0.04598406191818416
2023-11-21,contrarian,-0.003155291498868851,1.2175389158982457,-0.04899426029739906
2023-11-22,contrarian,0.00031854858737411564,1.217926761199978,-0.048691318762432156
2023-11-24,contrarian,0.0014950722235501687,1.2197476496709667,-0.04726904357709161
2023-11-27,contrarian,0.0003421933092338566,1.2201650391556378,-0.04694302541830375
2023-11-28,contrarian,-0.004030139098285405,1.2152476043249756,-0.050783977594459184
2023-11-29,contrarian,0.005332215720813802,1.2217275667054386,-0.04572255299733996
2023-11-30,contrarian,0.013551896650520852,1.238284292424523,-0.03279028365963699
2023-12-01,contrarian,0.009568108933569762,1.250132331425169,-0.023535915732085355
2023-12-04,contrarian,0.009054346954324364,1.261451463292711,-0.014694671124687031
2023-12-05,contrarian,0.0033922995684405603,1.2657306845472476,-0.011352220282761172
2023-12-06,contrarian,0.0024871033475751597,1.2688786875699136,-0.008893351080253686
2023-12-07,contrarian,-0.004803357987055653,1.2627838089913699,-0.013653991118366404
2023-12-08,contrarian,0.0044735672629584765,1.2684329572994677,-0.009241505903083702
2023-12-11,contrarian,0.007191267973909212,1.2775545986023464,-0.0021166960746059615
2023-12-12,contrarian,0.004673837115516403,1.2835256807023927,0.0
2023-12-13,contrarian,0.021522255800764917,1.3111500487293204,0.0
2023-12-14,contrarian,0.0034373495620894177,1.3156569297751537,0.0
2023-12-15,contrarian,-0.008939188548692412,1.3038960244144997,-0.008939188548692467
2023-12-18,contrarian,-0.0024572395091588773,1.3006920395874733,-0.011374462330569712
2023-12-19,contrarian,0.004200060255318861,1.3061550245273543,-0.007222175502410999
2023-12-20,contrarian,-0.0127194981359422,1.2895413881276272,-0.019849811190512767
2023-12-21,contrarian,0.008509178367120758,1.3005143258109897,-0.011509538407365683
2023-12-22,contrarian,0.009959331948390509,1.3134665796853788,-0.001664833772546781
2023-12-26,contrarian,0.0016806918376435615,1.3156741122448736,0.0
2023-12-27,contrarian,0.0032565811500552973,1.3199587117584262,0.0
2023-12-28,contrarian,0.004293568851272928,1.3256260453681983,0.0
2023-12-29,contrarian,-0.0005896579874385848,1.3248443793821902,-0.0005896579874385965
