date,sentiment,n_tickers,n_headlines,index_0_100,standardised_sentiment,news_available,model
2020-01-02,0.11998815910585141,39,138,55.99940795529257,-0.03350867501133214,True,vader_finance_enhanced
2020-01-03,-0.012318523600055862,31,91,49.38407381999721,-2.927262754616409,True,vader_finance_enhanced
2020-01-06,0.11747314280762809,42,164,55.873657140381404,-0.08851601496130457,True,vader_finance_enhanced
2020-01-07,0.13817377801120448,34,105,56.90868890056022,0.3642392529182301,True,vader_finance_enhanced
2020-01-08,0.11661381553631554,33,116,55.83069077681577,-0.10731084638039479,True,vader_finance_enhanced
2020-01-09,0.15904085515873018,40,98,57.9520427579365,0.8206348664286148,True,vader_finance_enhanced
2020-01-10,0.08836392857142858,42,103,54.41819642857143,-0.7251800573765981,True,vader_finance_enhanced
2020-01-13,0.1341847196115288,38,181,56.709235980576445,0.2769923067945557,True,vader_finance_enhanced
2020-01-14,0.1664561544011544,33,126,58.322807720057725,0.9828190584543098,True,vader_finance_enhanced
2020-01-15,0.08034026598026597,37,152,54.01701329901329,-0.9006701073248821,True,vader_finance_enhanced
2020-01-16,0.1816648585948586,37,144,59.08324292974293,1.3154572057190612,True,vader_finance_enhanced
2020-01-17,0.15384717329678868,39,165,57.69235866483944,0.7070409211433926,True,vader_finance_enhanced
2020-01-21,0.10254258369408369,45,241,55.12712918470418,-0.41507069430158583,True,vader_finance_enhanced
2020-01-22,0.08808326058201059,36,119,54.40416302910053,-0.7313187052723978,True,vader_finance_enhanced
2020-01-23,0.08419977628249367,46,166,54.209988814124685,-0.81625658070677,True,vader_finance_enhanced
2020-01-24,0.12143826439736734,40,182,56.071913219868364,-0.0017926043083231564,True,vader_finance_enhanced
2020-01-27,0.03967075212255445,43,202,51.983537606127726,-1.7901759828739288,True,vader_finance_enhanced
2020-01-28,0.10244718723584108,39,178,55.12235936179205,-0.4171571640442597,True,vader_finance_enhanced
2020-01-29,0.13280892063492064,40,175,56.64044603174603,0.246901431414316,True,vader_finance_enhanced
2020-01-30,0.07321642228604727,40,182,53.66082111430236,-1.056479710672256,True,vader_finance_enhanced
2020-01-31,0.09287086192939852,41,177,54.64354309646993,-0.6266063759539936,True,vader_finance_enhanced
2020-02-03,0.13464838043676752,42,196,56.732419021838375,0.28713329421217526,True,vader_finance_enhanced
2020-02-04,0.13731866399383444,44,174,56.86593319969172,0.34553657195242915,True,vader_finance_enhanced
2020-02-05,0.10430718881427214,39,201,55.215359440713605,-0.37647602046498324,True,vader_finance_enhanced
2020-02-06,0.20081683360951216,42,151,60.04084168047561,1.7343408531485633,True,vader_finance_enhanced
2020-02-07,0.14826260617760617,37,124,57.41313030888031,0.5848977039342952,True,vader_finance_enhanced
2020-02-10,0.12595654761904762,43,172,56.297827380952384,0.09702931638491423,True,vader_finance_enhanced
2020-02-11,0.09393649954660356,41,190,54.69682497733018,-0.6032992145990211,True,vader_finance_enhanced
2020-02-12,0.14195026221599752,42,130,57.09751311079988,0.4468368689318925,True,vader_finance_enhanced
2020-02-13,0.08415991556126583,44,191,54.20799577806329,-0.8171283970225449,True,vader_finance_enhanced
2020-02-14,0.1475417553036908,37,146,57.37708776518454,0.5691315679045965,True,vader_finance_enhanced
2020-02-18,0.09678179764498393,45,253,54.83908988224919,-0.541068095115945,True,vader_finance_enhanced
2020-02-19,0.14403627525252524,40,129,57.201813762626266,0.49246123658367064,True,vader_finance_enhanced
2020-02-20,0.11918581040042578,39,193,55.959290520021284,-0.0510572960794923,True,vader_finance_enhanced
2020-02-21,0.07689676686507937,40,124,53.84483834325396,-0.975984818637214,True,vader_finance_enhanced
2020-02-24,0.02790370644823586,45,192,51.3951853224118,-2.047539675535224,True,vader_finance_enhanced
2020-02-25,0.12624681276088254,43,150,56.31234063804412,0.10337786901410378,True,vader_finance_enhanced
2020-02-26,0.12799893357342937,42,189,56.39994667867146,0.14169949151701594,True,vader_finance_enhanced
2020-02-27,0.0995440983436853,46,211,54.97720491718427,-0.48065225857251875,True,vader_finance_enhanced
2020-02-28,0.013554222960502028,43,176,50.677711148025104,-2.3613853221315884,True,vader_finance_enhanced
2020-03-02,0.13192676254301253,44,197,56.596338127150624,0.22760725424119457,True,vader_finance_enhanced
2020-03-03,0.12199785074004588,41,149,56.09989253700229,0.010446424204066626,True,vader_finance_enhanced
2020-03-04,0.2824067586580087,44,146,64.12033793290044,3.5188401213266305,True,vader_finance_enhanced
2020-03-05,0.13097430970192597,43,140,56.5487154850963,0.20677562096192859,True,vader_finance_enhanced
2020-03-06,0.03983253435753436,37,153,51.99162671787671,-1.7866375523660654,True,vader_finance_enhanced
2020-03-09,0.0034137559199000846,46,230,50.17068779599501,-2.583173196090071,True,vader_finance_enhanced
2020-03-10,0.04114197458661437,43,172,52.05709872933072,-1.7579980465799372,True,vader_finance_enhanced
2020-03-11,0.11583658414502165,44,163,55.791829207251084,-0.12431011250479142,True,vader_finance_enhanced
2020-03-12,-0.03282879452418927,44,218,48.35856027379054,-3.375854457973102,True,vader_finance_enhanced
2020-03-13,0.033970754195987336,41,172,51.69853770979936,-1.9148438523753355,True,vader_finance_enhanced
2020-03-16,0.019361927957261073,45,262,50.96809639786305,-2.23436173055027,True,vader_finance_enhanced
2020-03-17,0.1044343150037793,42,164,55.22171575018896,-0.37369557187397234,True,vader_finance_enhanced
2020-03-18,0.02735388981276177,41,168,51.367694490638094,-2.059565025271144,True,vader_finance_enhanced
2020-03-19,0.024684714912280702,38,156,51.23423574561403,-2.1179440549579165,True,vader_finance_enhanced
2020-03-20,0.052963084311521816,40,181,52.64815421557609,-1.4994518885756078,True,vader_finance_enhanced
2020-03-23,0.05319924761165686,47,244,52.65996238058285,-1.4942866278401552,True,vader_finance_enhanced
2020-03-24,0.26173141185203685,44,186,63.086570592601845,3.0666379502539862,True,vader_finance_enhanced
2020-03-25,0.17218825783972125,41,159,58.60941289198607,1.1081891257164564,True,vader_finance_enhanced
2020-03-26,0.20638870725892466,46,175,60.31943536294624,1.8562064443210913,True,vader_finance_enhanced
2020-03-27,0.2680969409223255,39,149,63.404847046116274,3.2058620267652027,True,vader_finance_enhanced
2020-03-30,0.09834911807296018,45,183,54.917455903648005,-0.5067883460530342,True,vader_finance_enhanced
2020-03-31,0.022339548726467335,43,137,51.11697743632336,-2.169236507302399,True,vader_finance_enhanced
2020-04-01,0.041484480519480525,44,163,52.074224025974026,-1.7505069061458332,True,vader_finance_enhanced
2020-04-02,0.037347266047444615,42,176,51.867363302372226,-1.8409942572894389,True,vader_finance_enhanced
2020-04-03,0.06424879216269841,40,190,53.21243960813492,-1.252615806923058,True,vader_finance_enhanced
2020-04-06,0.23151654215690265,44,312,61.57582710784513,2.405791493696833,True,vader_finance_enhanced
2020-04-07,0.2204669327386318,46,234,61.023346636931585,2.1641192540319776,True,vader_finance_enhanced
2020-04-08,0.19294435260318904,42,229,59.64721763015945,1.5621573809100604,True,vader_finance_enhanced
2020-04-09,0.14681349797365756,47,290,57.34067489868288,0.5532034410958372,True,vader_finance_enhanced
2020-04-13,0.04488509638982786,46,345,52.244254819491395,-1.676130118467912,True,vader_finance_enhanced
2020-04-14,0.24144170314780072,41,226,62.072085157390035,2.6228702876077175,True,vader_finance_enhanced
2020-04-15,0.04448076840751841,45,262,52.22403842037592,-1.684973403813575,True,vader_finance_enhanced
2020-04-16,0.1660109520813277,44,304,58.30054760406639,0.9730817874193175,True,vader_finance_enhanced
2020-04-17,0.18416908015560798,43,314,59.2084540077804,1.3702284478774136,True,vader_finance_enhanced
2020-04-20,0.07341195343458341,46,319,53.67059767172917,-1.0522031386413175,True,vader_finance_enhanced
2020-04-21,-0.07442188997508146,47,230,46.27890550124592,-4.285560507454825,True,vader_finance_enhanced
2020-04-22,0.14498220735147205,44,232,57.24911036757361,0.5131502510338417,True,vader_finance_enhanced
2020-04-23,0.17567951667294057,46,259,58.78397583364703,1.1845484167587872,True,vader_finance_enhanced
2020-04-24,-8.975396256705413e-05,39,206,49.99551230187165,-2.659800436740201,True,vader_finance_enhanced
2020-04-27,0.10534821829814178,49,346,55.26741091490709,-0.3537070774733952,True,vader_finance_enhanced
2020-04-28,0.12721026316834563,45,319,56.36051315841728,0.12445003627031621,True,vader_finance_enhanced
2020-04-29,0.13052583189726216,44,404,56.52629159486311,0.19696670995066123,True,vader_finance_enhanced
2020-04-30,0.07337665688035369,47,321,53.668832844017686,-1.052975129486446,True,vader_finance_enhanced
2020-05-01,0.02236995965739821,44,340,51.11849798286991,-2.1685713726799745,True,vader_finance_enhanced
2020-05-04,0.10739928108673415,47,299,55.369964054336705,-0.3088471264064615,True,vader_finance_enhanced
2020-05-05,0.16654155644866642,46,299,58.32707782243332,0.9846869348029582,True,vader_finance_enhanced
2020-05-06,0.08034236483482282,42,247,54.01711824174114,-0.9006242020930967,True,vader_finance_enhanced
2020-05-07,0.14563060657596372,42,181,57.28153032879819,0.5273317561756207,True,vader_finance_enhanced
2020-05-08,0.14299786656746033,40,203,57.14989332837301,0.46974961456089454,True,vader_finance_enhanced
2020-05-11,0.10854164529698142,46,247,55.42708226484907,-0.28386183446058255,True,vader_finance_enhanced
2020-05-12,0.005192280148423,42,202,50.25961400742115,-2.544274089584585,True,vader_finance_enhanced
2020-05-13,0.1171866559324514,44,217,55.859332796622574,-0.09478193098943627,True,vader_finance_enhanced
2020-05-14,0.1175778047885821,49,219,55.878890239429104,-0.08622689374557269,True,vader_finance_enhanced
2020-05-15,0.09233124478916145,48,258,54.61656223945808,-0.6384086467769784,True,vader_finance_enhanced
2020-05-18,0.20457799791225326,47,268,60.22889989561266,1.8166033989438868,True,vader_finance_enhanced
2020-05-19,0.08878681835258759,39,155,54.43934091762937,-0.7159307964592768,True,vader_finance_enhanced
2020-05-20,0.10741747220683145,42,182,55.370873610341576,-0.30844925815886,True,vader_finance_enhanced
2020-05-21,0.08370544107744109,45,157,54.185272053872055,-0.8270684647859213,True,vader_finance_enhanced
2020-05-22,0.05725485042735043,39,135,52.86274252136752,-1.405584251262112,True,vader_finance_enhanced
2020-05-26,0.16335086309523808,44,248,58.1675431547619,0.9149014808907364,True,vader_finance_enhanced
2020-05-27,0.15395142604617604,40,175,57.6975713023088,0.70932109182472,True,vader_finance_enhanced
2020-05-28,0.09227115317306807,47,196,54.6135576586534,-0.639722944404762,True,vader_finance_enhanced
2020-05-29,0.12227112301587302,40,152,56.113556150793656,0.01642331627667283,True,vader_finance_enhanced
2020-06-01,0.08168718392917555,44,221,54.08435919645878,-0.8712109051905943,True,vader_finance_enhanced
2020-06-02,0.16036262196797912,42,142,58.01813109839895,0.8495439738019188,True,vader_finance_enhanced
2020-06-03,0.21208042855459608,41,164,60.604021427729805,1.9806932909600847,True,vader_finance_enhanced
2020-06-04,0.10998104563492064,40,119,55.49905228174603,-0.2523798978349385,True,vader_finance_enhanced
2020-06-05,0.24041512345679011,36,141,62.02075617283951,2.600417384185561,True,vader_finance_enhanced
2020-06-08,0.1369529176869721,41,150,56.84764588434861,0.3375371281908773,True,vader_finance_enhanced
2020-06-09,0.1770194362745098,34,141,58.850971813725494,1.2138545540912642,True,vader_finance_enhanced
2020-06-10,0.01461494367784993,32,160,50.7307471838925,-2.3381857010665668,True,vader_finance_enhanced
2020-06-11,0.11123100666529237,42,164,55.56155033326462,-0.22504129515055538,True,vader_finance_enhanced
2020-06-12,0.07116559884559885,33,95,53.55827994227994,-1.101334426820939,True,vader_finance_enhanced
2020-06-15,0.1245513470199834,33,144,56.22756735099917,0.06629538153716187,True,vader_finance_enhanced
2020-06-16,0.16085080882352942,34,113,58.04254044117647,0.8602213838613819,True,vader_finance_enhanced
2020-06-17,0.011788738095238088,35,80,50.58943690476191,-2.399999237368921,True,vader_finance_enhanced
2020-06-18,0.10563905423280423,36,97,55.281952711640216,-0.3473460407123425,True,vader_finance_enhanced
2020-06-19,0.06786819764464926,31,80,53.39340988223247,-1.173453748250472,True,vader_finance_enhanced
2020-06-22,0.13289549107142856,32,119,56.64477455357143,0.24879486225767583,True,vader_finance_enhanced
2020-06-23,0.11852929487179487,39,123,55.92646474358974,-0.06541631748676825,True,vader_finance_enhanced
2020-06-24,-0.059588449101403644,33,99,47.02057754492982,-3.9611299559142155,True,vader_finance_enhanced
2020-06-25,0.01741023076563959,30,133,50.87051153828198,-2.2770484006027742,True,vader_finance_enhanced
2020-06-26,0.08668070667773282,27,85,54.334035333886646,-0.7619947527657162,True,vader_finance_enhanced
2020-06-29,0.10537901453385325,31,160,55.268950726692665,-0.3530335156327993,True,vader_finance_enhanced
2020-06-30,0.12967212053571428,32,119,56.483606026785715,0.17829470726145702,True,vader_finance_enhanced
2020-07-01,0.05752698327815975,34,92,52.87634916390799,-1.3996322801967163,True,vader_finance_enhanced
2020-07-02,0.1436454805871212,32,110,57.18227402935606,0.4839139460449567,True,vader_finance_enhanced
2020-07-06,0.04619406912290608,40,207,52.30970345614531,-1.6475008375505105,True,vader_finance_enhanced
2020-07-07,0.06680331085581086,26,80,53.340165542790544,-1.196744487814764,True,vader_finance_enhanced
2020-07-08,0.10174557603686636,31,86,55.08727880184332,-0.43250249829198356,True,vader_finance_enhanced
2020-07-09,0.11457663210445469,31,89,55.72883160522274,-0.15186723420817305,True,vader_finance_enhanced
2020-07-10,0.10034722222222223,32,93,55.01736111111111,-0.4630866832560369,True,vader_finance_enhanced
2020-07-13,0.1336126455026455,36,100,56.68063227513227,0.2644801513042906,True,vader_finance_enhanced
2020-07-14,0.12119398073476703,31,122,56.05969903673835,-0.007135470071209853,True,vader_finance_enhanced
2020-07-15,0.1669146434660821,34,119,58.3457321733041,0.992846931385248,True,vader_finance_enhanced
2020-07-16,0.10860786754095576,34,102,55.43039337704779,-0.28241345041268584,True,vader_finance_enhanced
2020-07-17,-0.0002455640589569199,28,75,49.98772179705215,-2.6632082472366223,True,vader_finance_enhanced
2020-07-20,0.10300620608347881,33,134,55.15031030417394,-0.4049305475359796,True,vader_finance_enhanced
2020-07-21,0.2016195177045177,32,144,60.08097588522588,1.7518968097113883,True,vader_finance_enhanced
2020-07-22,0.1752396111111111,30,84,58.76198055555556,1.1749269941053708,True,vader_finance_enhanced
2020-07-23,0.06334611111111112,38,111,53.16730555555556,-1.2723588533224544,True,vader_finance_enhanced
2020-07-24,0.165701248982499,36,154,58.28506244912495,0.9663080962695362,True,vader_finance_enhanced
2020-07-27,0.0990690520282187,36,139,54.95345260141094,-0.4910422644684301,True,vader_finance_enhanced
2020-07-28,0.13632581175160122,27,120,56.81629058758006,0.3238213405850633,True,vader_finance_enhanced
2020-07-29,0.12099137011568614,41,178,56.04956850578431,-0.011566881195316715,True,vader_finance_enhanced
2020-07-30,0.07773266199562712,43,197,53.886633099781356,-0.9577024847847263,True,vader_finance_enhanced
2020-07-31,0.12890498299319728,28,141,56.44524914965986,0.16151620939668002,True,vader_finance_enhanced
2020-08-03,0.13964646792749735,39,161,56.982323396374866,0.3964492846876646,True,vader_finance_enhanced
2020-08-04,0.11687069841269841,35,143,55.843534920634916,-0.10169241610680119,True,vader_finance_enhanced
2020-08-05,0.0788753475390156,35,135,53.94376737695078,-0.9327101647804812,True,vader_finance_enhanced
2020-08-06,0.16053254761904762,30,80,58.02662738095238,0.8532605135560143,True,vader_finance_enhanced
2020-08-07,0.15361056711145998,28,90,57.680528355573,0.7018659738160786,True,vader_finance_enhanced
2020-08-10,0.17632011739011738,37,104,58.81600586950587,1.1985593563486554,True,vader_finance_enhanced
2020-08-11,0.15896235402494333,28,102,57.94811770124717,0.818917923856226,True,vader_finance_enhanced
2020-08-12,0.06087237253487253,33,97,53.04361862674363,-1.326463384933897,True,vader_finance_enhanced
2020-08-13,-0.014166628264208916,31,71,49.291668586789555,-2.967683694073546,True,vader_finance_enhanced
2020-08-14,0.12754129901960787,34,69,56.37706495098039,0.1316903080804329,True,vader_finance_enhanced
2020-08-17,0.15972828828828828,37,127,57.98641441441441,0.8356701041235709,True,vader_finance_enhanced
2020-08-18,0.10194813523065477,32,114,55.09740676153274,-0.4280722119194529,True,vader_finance_enhanced
2020-08-19,0.11067371212121212,26,88,55.5336856060606,-0.23723019844320728,True,vader_finance_enhanced
2020-08-20,0.1025100936100936,39,112,55.125504680504676,-0.41578130325322904,True,vader_finance_enhanced
2020-08-21,0.11814305555555556,30,93,55.90715277777778,-0.07386397541464307,True,vader_finance_enhanced
2020-08-24,0.13958734567901235,36,101,56.97936728395062,0.3951561886455758,True,vader_finance_enhanced
2020-08-25,0.09883097222222223,28,86,54.941548611111116,-0.496249442184504,True,vader_finance_enhanced
2020-08-26,0.12263220588235292,34,88,56.13161029411765,0.024320763303398524,True,vader_finance_enhanced
2020-08-27,0.07870709586466165,36,128,53.93535479323308,-0.936390092045715,True,vader_finance_enhanced
2020-08-28,0.03102066568047337,26,80,51.551033284023674,-1.9793669021742661,True,vader_finance_enhanced
2020-08-31,0.13432967833800186,40,129,56.716483916900096,0.280162780859257,True,vader_finance_enhanced
2020-09-01,0.08361236559139786,31,100,54.18061827956989,-0.8291041712365737,True,vader_finance_enhanced
2020-09-02,0.14254788095238094,30,75,57.12739404761905,0.4599077253776096,True,vader_finance_enhanced
2020-09-03,0.14825731527093597,29,87,57.4128657635468,0.5847819835303928,True,vader_finance_enhanced
2020-09-04,0.07526975446428572,32,78,53.76348772321429,-1.011570124504417,True,vader_finance_enhanced
2020-09-08,0.026003797868797866,39,143,51.30018989343989,-2.0890936476414264,True,vader_finance_enhanced
2020-09-09,0.10584766414141415,24,70,55.292383207070706,-0.3427834157432936,True,vader_finance_enhanced
2020-09-10,0.12153276515151515,22,52,56.07663825757576,0.0002742749849083024,True,vader_finance_enhanced
2020-09-11,0.03569708333333334,28,64,51.78485416666667,-1.8770863341474744,True,vader_finance_enhanced
2020-09-14,0.06645113136979897,31,149,53.322556568489944,-1.204447203985688,True,vader_finance_enhanced
2020-09-15,0.0777896223316913,29,91,53.88948111658457,-0.9564566731485311,True,vader_finance_enhanced
2020-09-16,0.12994710497835496,28,78,56.49735524891775,0.1843090471001194,True,vader_finance_enhanced
2020-09-17,0.1327151552353896,32,106,56.635757761769476,0.24485063547665442,True,vader_finance_enhanced
2020-09-18,0.07476142238713668,28,76,53.73807111935683,-1.0226881420675502,True,vader_finance_enhanced
2020-09-21,0.026835596774193546,31,115,51.34177983870968,-2.070900904639547,True,vader_finance_enhanced
2020-09-22,0.25682529472443266,29,70,62.84126473622164,2.9593334954625194,True,vader_finance_enhanced
2020-09-23,0.12099756944444445,24,72,56.049878472222225,-0.011431292179567221,True,vader_finance_enhanced
2020-09-24,0.12535586860670195,27,75,56.267793430335104,0.08389152691760389,True,vader_finance_enhanced
2020-09-25,0.08454351851851853,24,64,54.22717592592593,-0.808738400388996,True,vader_finance_enhanced
2020-09-28,0.13106643036401164,38,154,56.55332151820058,0.20879044391927581,True,vader_finance_enhanced
2020-09-29,0.16364558201058202,30,81,58.1822791005291,0.9213474445123097,True,vader_finance_enhanced
2020-09-30,0.1745846918767507,34,128,58.72923459383753,1.160602886150409,True,vader_finance_enhanced
2020-10-01,0.1488308066239316,26,103,57.441540331196585,0.5973251363659773,True,vader_finance_enhanced
2020-10-02,0.1167450518925519,26,76,55.83725259462759,-0.10444050201467897,True,vader_finance_enhanced
2020-10-05,0.17910895691609977,35,137,58.95544784580499,1.2595556385516788,True,vader_finance_enhanced
2020-10-06,0.1280162962962963,30,79,56.400814814814815,0.1420792414215684,True,vader_finance_enhanced
2020-10-07,0.1931184349206349,25,78,59.65592174603175,1.565964833458892,True,vader_finance_enhanced
2020-10-08,0.085407079228243,29,114,54.270353961412155,-0.7898509770507017,True,vader_finance_enhanced
2020-10-09,0.13637535273368606,27,86,56.8187676366843,0.3249048793457949,True,vader_finance_enhanced
2020-10-12,0.17994080040594326,35,149,58.99704002029716,1.2777493566851625,True,vader_finance_enhanced
2020-10-13,-0.019213806530214424,30,115,49.03930967348928,-3.078073376582723,True,vader_finance_enhanced
2020-10-14,0.18104074485636645,32,124,59.05203724281832,1.301806862138808,True,vader_finance_enhanced
2020-10-15,0.21790626420454545,32,91,60.89531321022727,2.1081134282831786,True,vader_finance_enhanced
2020-10-16,0.21978955769230768,25,91,60.98947788461538,2.1493040023482806,True,vader_finance_enhanced
2020-10-19,0.21102182022932023,37,130,60.551091011466006,1.9575398712134788,True,vader_finance_enhanced
2020-10-20,0.18334033333333333,25,64,59.16701666666666,1.352102458706876,True,vader_finance_enhanced
2020-10-21,0.12339752232142857,32,88,56.16987611607143,0.04105943078769122,True,vader_finance_enhanced
2020-10-22,0.062088241436925644,30,128,53.10441207184628,-1.2998704304162334,True,vader_finance_enhanced
2020-10-23,0.2642560636363636,25,95,63.21280318181818,3.1218560333550265,True,vader_finance_enhanced
2020-10-26,0.11026245014245013,39,146,55.5131225071225,-0.24622514113611943,True,vader_finance_enhanced
2020-10-27,0.04859757284035409,32,132,52.429878642017705,-1.5949324521487607,True,vader_finance_enhanced
2020-10-28,0.08891878262213977,35,179,54.44593913110699,-0.7130445314908809,True,vader_finance_enhanced
2020-10-29,0.08414354010025063,38,124,54.20717700501253,-0.8174865539663138,True,vader_finance_enhanced
2020-10-30,0.11060031306367243,32,113,55.53001565318362,-0.23883555062837805,True,vader_finance_enhanced
2020-11-02,0.09028287537537537,37,148,54.51414376876876,-0.6832096895244365,True,vader_finance_enhanced
2020-11-03,0.12870001587301588,30,96,56.435000793650794,0.1570332579079165,True,vader_finance_enhanced
2020-11-04,0.13562332093253968,32,116,56.781166046626986,0.30845676767030694,True,vader_finance_enhanced
2020-11-05,0.13427270291112395,38,106,56.7136351455562,0.27891663916336346,True,vader_finance_enhanced
2020-11-06,0.11233990046018408,35,115,55.61699502300921,-0.20078805353652943,True,vader_finance_enhanced
2020-11-09,0.14098967370348947,38,164,57.04948368517447,0.42582729579437606,True,vader_finance_enhanced
2020-11-10,0.08590321895424838,34,121,54.29516094771242,-0.7789996252760261,True,vader_finance_enhanced
2020-11-11,0.10816570660522275,31,87,55.408285330261144,-0.2920842016207976,True,vader_finance_enhanced
2020-11-12,0.17192927348841636,35,124,58.59646367442082,1.1025247328995926,True,vader_finance_enhanced
2020-11-13,0.1809547408438638,29,92,59.04773704219319,1.299925819874335,True,vader_finance_enhanced
2020-11-16,0.15070059126984128,40,161,57.53502956349207,0.6382202509318152,True,vader_finance_enhanced
2020-11-17,0.15103633771929825,28,85,57.55181688596491,0.6455635508918682,True,vader_finance_enhanced
2020-11-18,0.12696844618055556,32,99,56.34842230902778,0.11916112054343052,True,vader_finance_enhanced
2020-11-19,0.08095629201680672,34,75,54.04781460084034,-0.8871966544355433,True,vader_finance_enhanced
2020-11-20,0.06910183673469387,28,90,53.455091836734695,-1.1464721319287023,True,vader_finance_enhanced
2020-11-23,0.10087163967611337,38,153,55.043581983805666,-0.45161685334588186,True,vader_finance_enhanced
2020-11-24,0.09790378264208908,31,90,54.89518913210445,-0.5165285284347544,True,vader_finance_enhanced
2020-11-25,0.15335719444444443,30,79,57.667859722222225,0.6963243173113468,True,vader_finance_enhanced
2020-11-27,0.19292465659340657,26,77,59.64623282967033,1.5617265983713835,True,vader_finance_enhanced
2020-11-30,0.1294449084249084,39,110,56.472245421245425,0.1733252230363733,True,vader_finance_enhanced
2020-12-01,0.16814333333333337,30,60,58.40716666666667,1.0197203004638988,True,vader_finance_enhanced
2020-12-02,0.1367349836601307,34,94,56.83674918300654,0.33277057017310235,True,vader_finance_enhanced
2020-12-03,0.13363172528270567,27,98,56.681586264135284,0.2648974559351518,True,vader_finance_enhanced
2020-12-04,0.08959502048131081,31,94,54.479751024065536,-0.6982541518687922,True,vader_finance_enhanced
2020-12-07,0.084967791005291,30,164,54.248389550264555,-0.7994588975373443,True,vader_finance_enhanced
2020-12-08,0.09203141256313131,32,99,54.60157062815657,-0.6449664465005222,True,vader_finance_enhanced
2020-12-09,0.11184759871441691,33,103,55.59237993572085,-0.21155546268076042,True,vader_finance_enhanced
2020-12-10,0.1743352641723356,35,105,58.71676320861678,1.1551475121477062,True,vader_finance_enhanced
2020-12-11,0.0476581656063235,39,133,52.38290828031617,-1.6154787575982676,True,vader_finance_enhanced
2020-12-14,0.10792682993197279,35,145,55.396341496598644,-0.29730880807001275,True,vader_finance_enhanced
2020-12-15,0.2102714365079365,30,79,60.51357182539683,1.9411278056200116,True,vader_finance_enhanced
2020-12-16,0.18285041666666665,28,72,59.142520833333336,1.3413872149728578,True,vader_finance_enhanced
2020-12-17,0.18618913605442178,35,101,59.30945680272109,1.4144102297698389,True,vader_finance_enhanced
2020-12-18,0.14415809895833334,32,86,57.20790494791667,0.4951257115630517,True,vader_finance_enhanced
2020-12-21,0.14020498008968701,44,214,57.01024900448435,0.4086648191927348,True,vader_finance_enhanced
2020-12-22,0.0955889247311828,31,89,54.77944623655914,-0.5671580914046078,True,vader_finance_enhanced
2020-12-23,0.17239477182539684,28,76,58.619738591269844,1.1127059095728893,True,vader_finance_enhanced
2020-12-24,0.22380935064935067,22,55,61.19046753246753,2.2372231613106988,True,vader_finance_enhanced
2020-12-28,0.19623334012392835,34,115,59.81166700619642,1.6340926819943238,True,vader_finance_enhanced
2020-12-29,0.04879406378600824,27,84,52.43970318930041,-1.5906348878537202,True,vader_finance_enhanced
2020-12-30,0.14589500000000002,31,61,57.29475000000001,0.5331144538729582,True,vader_finance_enhanced
2020-12-31,0.22519500821018062,29,84,61.25975041050903,2.267529659346782,True,vader_finance_enhanced
2021-01-04,0.13697607407407408,30,115,56.84880370370371,0.3380435945935928,True,vader_finance_enhanced
2021-01-05,0.1335502923976608,38,108,56.67751461988304,0.2631163913774652,True,vader_finance_enhanced
2021-01-06,0.12511659370199693,31,104,56.25582968509985,0.078658210523629,True,vader_finance_enhanced
2021-01-07,0.05016042471042471,37,97,52.50802123552124,-1.5607504374361107,True,vader_finance_enhanced
2021-01-08,0.09220780257936508,32,83,54.610390128968255,-0.6411085209699376,True,vader_finance_enhanced
2021-01-11,0.1515336567217002,39,138,57.57668283608501,0.6564406952857355,True,vader_finance_enhanced
2021-01-12,0.09913223905723907,33,116,54.956611952861955,-0.4896602653186799,True,vader_finance_enhanced
2021-01-13,0.13805141362809348,33,121,56.902570681404676,0.3615629524806105,True,vader_finance_enhanced
2021-01-14,0.08481031198686372,29,91,54.24051559934318,-0.8029032099689327,True,vader_finance_enhanced
2021-01-15,0.16631348915790092,34,123,58.31567445789505,0.9796987464546485,True,vader_finance_enhanced
2021-01-19,0.07659766537727838,38,181,53.829883268863924,-0.9825266359728051,True,vader_finance_enhanced
2021-01-20,0.08063875901875901,33,101,54.031937950937944,-0.894141597727276,True,vader_finance_enhanced
2021-01-21,0.0007226562499999993,32,81,50.0361328125,-2.642031754774572,True,vader_finance_enhanced
2021-01-22,0.10076505952380953,28,87,55.03825297619047,-0.45394792796907174,True,vader_finance_enhanced
2021-01-25,0.14156377976190476,40,167,57.078188988095235,0.438383893198893,True,vader_finance_enhanced
2021-01-26,0.15246108185354484,32,152,57.623054092677236,0.6767249334203215,True,vader_finance_enhanced
2021-01-27,0.15100478903946296,33,114,57.55023945197315,0.6448735319214549,True,vader_finance_enhanced
2021-01-28,0.12698460622710622,39,141,56.34923031135531,0.11951456603594995,True,vader_finance_enhanced
2021-01-29,0.058111333333333334,35,109,52.90556666666667,-1.3868516305613936,True,vader_finance_enhanced
2021-02-01,0.1782445858409883,41,139,58.91222929204941,1.2406504912549523,True,vader_finance_enhanced
2021-02-02,0.16327117940538993,33,121,58.163558970269506,0.9131586739677587,True,vader_finance_enhanced
2021-02-03,0.11877755892255892,33,113,55.93887794612795,-0.059986394409377856,True,vader_finance_enhanced
2021-02-04,0.10896540217846669,31,94,55.44827010892334,-0.2745936087029733,True,vader_finance_enhanced
2021-02-05,0.07201842592592593,36,77,53.6009212962963,-1.0826817647450575,True,vader_finance_enhanced
2021-02-08,0.10443526785714285,36,138,55.221763392857135,-0.3736747314806402,True,vader_finance_enhanced
2021-02-09,0.09685722495894909,29,91,54.84286124794745,-0.5394183817905379,True,vader_finance_enhanced
2021-02-10,0.06970331691297209,29,87,53.48516584564861,-1.1333168197094168,True,vader_finance_enhanced
2021-02-11,0.06817731231231232,37,102,53.40886561561562,-1.1666929270105952,True,vader_finance_enhanced
2021-02-12,0.15538651960784317,34,84,57.76932598039216,0.7407088325174569,True,vader_finance_enhanced
2021-02-16,0.08704885395306448,38,145,54.352442697653224,-0.7539427960686043,True,vader_finance_enhanced
2021-02-17,0.14121030641233767,32,101,57.06051532061689,0.4306528782084025,True,vader_finance_enhanced
2021-02-18,0.15691575510204084,35,103,57.84578775510204,0.7741556045134554,True,vader_finance_enhanced
2021-02-19,0.2093379411764706,34,70,60.466897058823534,1.9207108027258624,True,vader_finance_enhanced
2021-02-22,0.12898411111111113,40,115,56.44920555555556,0.1632468650925353,True,vader_finance_enhanced
2021-02-23,0.14481235670194004,36,93,57.240617835097,0.5094353516806521,True,vader_finance_enhanced
2021-02-24,0.03861026061776062,37,101,51.93051303088802,-1.8133705907019022,True,vader_finance_enhanced
2021-02-25,0.0959055787037037,36,108,54.79527893518519,-0.5602323737759503,True,vader_finance_enhanced
2021-02-26,0.057378723958333336,32,78,52.868936197916675,-1.402874943400213,True,vader_finance_enhanced
2021-03-01,0.11570916666666668,42,129,55.78545833333334,-0.1270969320384825,True,vader_finance_enhanced
2021-03-02,0.08077211111111111,30,72,54.03860555555555,-0.8912249789036787,True,vader_finance_enhanced
2021-03-03,0.0895977578743096,29,98,54.479887893715485,-0.6981942808026018,True,vader_finance_enhanced
2021-03-04,0.11120365835777125,31,82,55.56018291788857,-0.22563944540903805,True,vader_finance_enhanced
2021-03-05,0.09398382703081232,34,94,54.69919135154062,-0.60226408849877,True,vader_finance_enhanced
2021-03-08,0.1174111403508772,38,111,55.87055701754387,-0.08987210566283965,True,vader_finance_enhanced
2021-03-09,0.025167729591836736,28,82,51.258386479591834,-2.107379768476777,True,vader_finance_enhanced
2021-03-10,0.18851657794982796,30,94,59.42582889749139,1.4653150241621686,True,vader_finance_enhanced
2021-03-11,0.14180721500721502,33,108,57.090360750360745,0.4437082027487142,True,vader_finance_enhanced
2021-03-12,0.1700853037766831,29,63,58.50426518883416,1.0621942313189794,True,vader_finance_enhanced
2021-03-15,0.19747001253132831,38,131,59.87350062656641,1.6611406417107903,True,vader_finance_enhanced
2021-03-16,0.06475492647058824,34,87,53.237746323529414,-1.2415458580109544,True,vader_finance_enhanced
2021-03-17,0.10274596354166667,32,73,55.13729817708334,-0.41062245894705807,True,vader_finance_enhanced
2021-03-18,0.08015995098039216,34,83,54.007997549019606,-0.9046138783863836,True,vader_finance_enhanced
2021-03-19,0.11021800366300367,26,72,55.51090018315018,-0.2471972551563021,True,vader_finance_enhanced
2021-03-22,0.08818172222222223,30,81,54.409086111111115,-0.7291651952060894,True,vader_finance_enhanced
2021-03-23,0.1134603046594982,31,88,55.67301523297491,-0.17628306137541047,True,vader_finance_enhanced
2021-03-24,0.13114473876698016,29,93,56.55723693834901,0.21050317116723508,True,vader_finance_enhanced
2021-03-25,0.10992613445378152,34,102,55.496306722689084,-0.2535808912480262,True,vader_finance_enhanced
2021-03-26,0.09858318783068783,27,95,54.92915939153439,-0.5016688743643506,True,vader_finance_enhanced
2021-03-29,0.19689878579023315,38,142,59.84493928951166,1.6486470194793423,True,vader_finance_enhanced
2021-03-30,0.1411362742812743,33,85,57.056813714063715,0.4290336797151358,True,vader_finance_enhanced
2021-03-31,0.09651165223665224,33,78,54.825582611832615,-0.546976597705977,True,vader_finance_enhanced
2021-04-01,0.006828632478632484,39,80,50.34143162393162,-2.508484504853325,True,vader_finance_enhanced
2021-04-05,0.1972215787070073,35,141,59.86107893535036,1.6557070054201817,True,vader_finance_enhanced
2021-04-06,0.07087876984126984,30,99,53.54393849206349,-1.107607825748725,True,vader_finance_enhanced
2021-04-07,0.07444442528735633,29,55,53.72222126436782,-1.029621364426026,True,vader_finance_enhanced
2021-04-08,0.1646359768009768,39,91,58.231798840048846,0.9430089275644923,True,vader_finance_enhanced
2021-04-09,0.09714005747126436,29,83,54.85700287356322,-0.5332323923936415,True,vader_finance_enhanced
2021-04-12,0.17367339229024945,35,116,58.68366961451247,1.1406713389129794,True,vader_finance_enhanced
2021-04-13,0.1860828888888889,30,96,59.304144444444454,1.4120864380881246,True,vader_finance_enhanced
2021-04-14,0.1284716465344691,42,149,56.423582326723455,0.1520384633022246,True,vader_finance_enhanced
2021-04-15,0.10479741071428572,32,91,55.23987053571429,-0.3657541008002806,True,vader_finance_enhanced
2021-04-16,0.0977763141025641,26,91,54.8888157051282,-0.5193164647560938,True,vader_finance_enhanced
2021-04-19,0.10704585326923562,37,149,55.352292663461775,-0.3165771455394001,True,vader_finance_enhanced
2021-04-20,0.12076638652146465,32,106,56.038319326073236,-0.016487624277280333,True,vader_finance_enhanced
2021-04-21,0.12709913324979114,38,97,56.354956662489556,0.12201945114334968,True,vader_finance_enhanced
2021-04-22,0.1265999897787398,36,137,56.32999948893699,0.11110240276663473,True,vader_finance_enhanced
2021-04-23,0.14512828125000002,32,99,57.256414062500006,0.5163451156555231,True,vader_finance_enhanced
2021-04-26,0.1275347093223254,38,131,56.376735466116266,0.13154618109452051,True,vader_finance_enhanced
2021-04-27,0.1388628664434524,32,137,56.94314332217262,0.3793106946719203,True,vader_finance_enhanced
2021-04-28,0.16641997584563373,37,152,58.320998792281685,0.9820277768614903,True,vader_finance_enhanced
2021-04-29,0.146429072736787,35,132,57.32145363683935,0.5447954599209935,True,vader_finance_enhanced
2021-04-30,0.14437256357927788,35,135,57.21862817896389,0.4998163882476809,True,vader_finance_enhanced
2021-05-03,0.15468428869047618,40,125,57.734214434523814,0.725349944059249,True,vader_finance_enhanced
2021-05-04,0.1393628163265306,35,114,56.96814081632653,0.39024538054089863,True,vader_finance_enhanced
2021-05-05,0.1518224537037037,36,109,57.591122685185184,0.6627571369631972,True,vader_finance_enhanced
2021-05-06,0.14124827777777776,30,73,57.062413888888884,0.43148337135813014,True,vader_finance_enhanced
2021-05-07,0.0769017361111111,24,56,53.84508680555555,-0.975876133454555,True,vader_finance_enhanced
2021-05-10,0.12929193609022555,38,109,56.46459680451128,0.1699794788267689,True,vader_finance_enhanced
2021-05-11,0.07823249999999998,29,86,53.911624999999994,-0.9467702458780134,True,vader_finance_enhanced
2021-05-12,0.18820551020408163,35,81,59.41027551020408,1.4585114860499793,True,vader_finance_enhanced
2021-05-13,0.08353728395061727,27,66,54.17686419753086,-0.8307463241487981,True,vader_finance_enhanced
2021-05-14,0.0860879927536232,25,84,54.30439963768116,-0.7749583332958355,True,vader_finance_enhanced
2021-05-17,0.14407342743336915,34,150,57.20367137166846,0.4932738128850677,True,vader_finance_enhanced
2021-05-18,0.10499993650793651,30,115,55.24999682539683,-0.3613245449409977,True,vader_finance_enhanced
2021-05-19,0.03191460317460317,24,87,51.595730158730156,-1.9598150910514667,True,vader_finance_enhanced
2021-05-20,0.1539826612903226,31,85,57.699133064516126,0.7100042554664044,True,vader_finance_enhanced
2021-05-21,0.1757566220238095,32,71,58.78783110119048,1.1862348313757445,True,vader_finance_enhanced
2021-05-24,0.1623123538011696,38,119,58.115617690058485,0.8921876583916988,True,vader_finance_enhanced
2021-05-25,0.1956882222222222,30,84,59.78441111111111,1.6221701009147707,True,vader_finance_enhanced
2021-05-26,0.13730641030844157,32,85,56.86532051542208,0.34526856468801426,True,vader_finance_enhanced
2021-05-27,0.1643636349206349,35,105,58.218181746031746,0.9370523846962954,True,vader_finance_enhanced
2021-05-28,0.21798642857142858,35,78,60.899321428571426,2.1098667483646945,True,vader_finance_enhanced
2021-06-01,0.1675562340591507,36,150,58.37781170295754,1.0068795211090449,True,vader_finance_enhanced
2021-06-02,0.1846959943977591,34,84,59.23479971988795,1.3817528864518134,True,vader_finance_enhanced
2021-06-03,0.15371833333333335,40,84,57.68591666666667,0.7042229896357772,True,vader_finance_enhanced
2021-06-04,0.18700971264367816,29,67,59.350485632183904,1.43235752316595,True,vader_finance_enhanced
2021-06-07,0.13565386487050962,38,113,56.782693243525486,0.30912481136469994,True,vader_finance_enhanced
2021-06-08,0.187922,30,57,59.3961,1.452310674474237,True,vader_finance_enhanced
2021-06-09,0.11082190559440559,26,70,55.541095279720274,-0.23398897540855765,True,vader_finance_enhanced
2021-06-10,0.11518693609022555,38,101,55.75934680451128,-0.13851893151850994,True,vader_finance_enhanced
2021-06-11,0.11100297619047618,28,60,55.55014880952381,-0.23002867827647341,True,vader_finance_enhanced
2021-06-14,0.13325836883876357,38,101,56.66291844193818,0.25673156657334373,True,vader_finance_enhanced
2021-06-15,0.14845333333333333,31,64,57.422666666666665,0.5890692051290136,True,vader_finance_enhanced
2021-06-16,0.1344245102040816,35,89,56.72122551020408,0.28223690208830204,True,vader_finance_enhanced
2021-06-17,0.10550423611111111,32,89,55.27521180555556,-0.35029472389051086,True,vader_finance_enhanced
2021-06-18,0.13968656565656568,33,77,56.98432828282829,0.3973262847355932,True,vader_finance_enhanced
2021-06-21,0.13384888778659612,36,138,56.69244438932981,0.26964713953932085,True,vader_finance_enhanced
2021-06-22,-0.022820624999999994,24,53,48.858968749999995,-3.156960137613055,True,vader_finance_enhanced
2021-06-23,0.10480830357142858,28,82,55.24041517857143,-0.36551585697804106,True,vader_finance_enhanced
2021-06-24,0.13443637387387386,37,114,56.72181869369369,0.28249637910154346,True,vader_finance_enhanced
2021-06-25,0.13950906403940885,29,90,56.97545320197044,0.39344404675426775,True,vader_finance_enhanced
2021-06-28,0.12893864845938377,34,102,56.446932422969184,0.16225252579526678,True,vader_finance_enhanced
2021-06-29,0.2048246103896104,33,80,60.24123051948052,1.8219971995277924,True,vader_finance_enhanced
2021-06-30,0.0935573149866007,28,99,54.67786574933003,-0.6115925739743032,True,vader_finance_enhanced
2021-07-01,0.17394637784090908,32,92,58.69731889204546,1.1466419598577315,True,vader_finance_enhanced
2021-07-02,0.21187630208333333,32,58,60.59381510416667,1.9762287257779543,True,vader_finance_enhanced
2021-07-06,0.08561169270833333,32,83,54.28058463541666,-0.7853757602238262,True,vader_finance_enhanced
2021-07-07,0.17002445634920635,30,67,58.50122281746032,1.0608634029141457,True,vader_finance_enhanced
2021-07-08,0.10723582491582492,33,94,55.361791245791245,-0.31242216851114935,True,vader_finance_enhanced
2021-07-09,0.12517722734254993,31,81,56.2588613671275,0.07998436307407555,True,vader_finance_enhanced
2021-07-12,0.15010495430495432,33,99,57.50524771524772,0.625192738928234,True,vader_finance_enhanced
2021-07-13,0.0849014389690171,32,93,54.24507194845085,-0.8009101203458288,True,vader_finance_enhanced
2021-07-14,0.09532088541666667,32,88,54.76604427083333,-0.5730205304289442,True,vader_finance_enhanced
2021-07-15,0.02742839506172839,27,92,51.37141975308642,-2.0579354789493727,True,vader_finance_enhanced
2021-07-16,0.14675457402812242,31,102,57.33772870140612,0.5519146822494095,True,vader_finance_enhanced
2021-07-19,0.009147094287825994,41,159,50.4573547143913,-2.457776118991401,True,vader_finance_enhanced
2021-07-20,0.13659928977272728,32,79,56.829964488636364,0.32980273262914445,True,vader_finance_enhanced
2021-07-21,0.10635704931972789,35,106,55.31785246598639,-0.3316423652106289,True,vader_finance_enhanced
2021-07-22,0.12087712301587301,36,117,56.043856150793644,-0.014065643951708659,True,vader_finance_enhanced
2021-07-23,0.13940295698924732,31,109,56.97014784946237,0.39112331961486607,True,vader_finance_enhanced
2021-07-26,0.13178070054945054,30,119,56.58903502747252,0.2244126499997387,True,vader_finance_enhanced
2021-07-27,0.10245449827949829,26,120,55.12272491397492,-0.4169972600849392,True,vader_finance_enhanced
2021-07-28,0.1460850255102041,28,92,57.30425127551021,0.5372706089827073,True,vader_finance_enhanced
2021-07-29,0.17207979010025062,38,126,58.603989505012535,1.1058167666097258,True,vader_finance_enhanced
2021-07-30,0.10402111991341992,25,80,55.201055995671,-0.3827327947409232,True,vader_finance_enhanced
2021-08-02,0.147422670354337,36,126,57.371133517716856,0.5665269938123109,True,vader_finance_enhanced
2021-08-03,0.15602014030612246,28,109,57.801007015306126,0.754567108177225,True,vader_finance_enhanced
2021-08-04,0.05915602941176471,34,87,52.95780147058824,-1.3640024934121537,True,vader_finance_enhanced
2021-08-05,0.12246281512605041,34,104,56.123140756302526,0.020615922534415215,True,vader_finance_enhanced
2021-08-06,0.09108922222222221,30,66,54.55446111111111,-0.6655736228502658,True,vader_finance_enhanced
2021-08-09,0.1379128787878788,35,103,56.895643939393935,0.3585329788553951,True,vader_finance_enhanced
2021-08-10,0.11024201996927803,31,79,55.5121009984639,-0.24667198097636564,True,vader_finance_enhanced
2021-08-11,0.06451414814814814,30,71,53.225707407407405,-1.2468120565021543,True,vader_finance_enhanced
2021-08-12,0.16015397408963586,34,86,58.00769870448179,0.8449805183754167,True,vader_finance_enhanced
2021-08-13,0.15607843828320803,28,82,57.803921914160405,0.7558421761146402,True,vader_finance_enhanced
2021-08-16,0.07652228390744303,43,138,53.826114195372156,-0.9841753466153925,True,vader_finance_enhanced
2021-08-17,0.10636382154882154,33,92,55.31819107744108,-0.33149424596852434,True,vader_finance_enhanced
2021-08-18,0.14831858630952383,36,110,57.41592931547619,0.5861220769727579,True,vader_finance_enhanced
2021-08-19,0.1067990293040293,26,86,55.339951465201466,-0.3219755716933359,True,vader_finance_enhanced
2021-08-20,0.03138543209876544,27,66,51.56927160493827,-1.971388890108301,True,vader_finance_enhanced
2021-08-23,0.10404551837051837,39,120,55.20227591852592,-0.38219916232477646,True,vader_finance_enhanced
2021-08-24,0.10998995621237001,29,85,55.4994978106185,-0.2521850095698986,True,vader_finance_enhanced
2021-08-25,0.10835438271604937,27,71,55.41771913580247,-0.2879575599859062,True,vader_finance_enhanced
2021-08-26,0.09244091666666666,30,73,54.62204583333333,-0.6360099512881489,True,vader_finance_enhanced
2021-08-27,0.14905778787878787,30,97,57.4528893939394,0.6022895714103824,True,vader_finance_enhanced
2021-08-30,0.1415148911564626,35,98,57.07574455782313,0.4373146229356597,True,vader_finance_enhanced
2021-08-31,0.06148890625,32,88,53.074445312499996,-1.3129788283198527,True,vader_finance_enhanced
2021-09-01,0.08642103174603175,27,75,54.32105158730158,-0.7676742496559184,True,vader_finance_enhanced
2021-09-02,0.1442815905448718,32,103,57.21407952724359,0.497826665702586,True,vader_finance_enhanced
2021-09-03,0.17532294146825397,24,70,58.7661470734127,1.176749559345504,True,vader_finance_enhanced
2021-09-07,0.15407168408826946,41,143,57.703584204413474,0.7119513232899493,True,vader_finance_enhanced
2021-09-08,0.09226731016731017,37,106,54.613365508365504,-0.6398069969511823,True,vader_finance_enhanced
2021-09-09,0.062293693877551015,35,120,53.11468469387754,-1.2953768642103145,True,vader_finance_enhanced
2021-09-10,0.028574292929292935,33,87,51.42871464646465,-2.0328729003912938,True,vader_finance_enhanced
2021-09-13,0.12989294071669072,42,147,56.49464703583453,0.1831243899841361,True,vader_finance_enhanced
2021-09-14,0.14093680555555554,36,83,57.046840277777775,0.4246709867128082,True,vader_finance_enhanced
2021-09-15,0.12526356462585034,35,108,56.26317823129252,0.08187269449213329,True,vader_finance_enhanced
2021-09-16,0.11769066666666667,35,73,55.88453333333333,-0.0837584279548834,True,vader_finance_enhanced
2021-09-17,0.07835841991341992,33,78,53.917920995671,-0.9440161804316564,True,vader_finance_enhanced
2021-09-20,0.12164059254698789,43,167,56.08202962734939,0.0026326287669014145,True,vader_finance_enhanced
2021-09-21,0.06944416790674603,32,92,53.472208395337304,-1.1389848137869283,True,vader_finance_enhanced
2021-09-22,0.10534248548199768,41,95,55.267124274099885,-0.35383246312864214,True,vader_finance_enhanced
2021-09-23,0.16293460317460318,36,89,58.14673015873015,0.9057972253922381,True,vader_finance_enhanced
2021-09-24,0.055590430555555556,30,84,52.779521527777774,-1.4419877170257285,True,vader_finance_enhanced
2021-09-27,0.1638205366591081,42,154,58.19102683295541,0.925173976306199,True,vader_finance_enhanced
2021-09-28,0.13443780566280567,37,101,56.72189028314028,0.28252769456481264,True,vader_finance_enhanced
2021-09-29,0.13310400510204082,28,68,56.655200255102045,0.25335539022496173,True,vader_finance_enhanced
2021-09-30,0.10278817073170732,41,112,55.139408536585364,-0.4096993216884489,True,vader_finance_enhanced
2021-10-01,0.08614744389709907,29,88,54.30737219485495,-0.7736580438059018,True,vader_finance_enhanced
2021-10-04,0.10404113865546218,34,138,55.20205693277311,-0.38229495354296866,True,vader_finance_enhanced
2021-10-05,0.03226756756756757,37,97,51.613378378378385,-1.95209520773789,True,vader_finance_enhanced
2021-10-06,0.12621365207373272,31,126,56.31068260368664,0.10265259292252812,True,vader_finance_enhanced
2021-10-07,0.11107715728715728,33,78,55.553857864357866,-0.22840622167216368,True,vader_finance_enhanced
2021-10-08,0.12203039042498719,31,83,56.10151952124936,0.011158118006089339,True,vader_finance_enhanced
2021-10-11,0.16335139992583175,44,134,58.16756999629159,0.9149132222154278,True,vader_finance_enhanced
2021-10-12,0.14800735969387754,28,86,57.40036798469388,0.5793150641273825,True,vader_finance_enhanced
2021-10-13,0.07808579475308643,36,105,53.904289737654324,-0.949978919076322,True,vader_finance_enhanced
2021-10-14,0.136548671875,32,120,56.82743359375,0.3286956400390071,True,vader_finance_enhanced
2021-10-15,0.23765646103896104,33,94,61.88282305194805,2.5400811225351156,True,vader_finance_enhanced
2021-10-18,0.13761935696248195,36,157,56.8809678481241,0.35211319746322395,True,vader_finance_enhanced
2021-10-19,0.09761889715608466,36,96,54.88094485780424,-0.5227594195771017,True,vader_finance_enhanced
2021-10-20,0.11137754629629631,36,81,55.56887731481481,-0.22183624423121465,True,vader_finance_enhanced
2021-10-21,0.08691129761904762,40,146,54.34556488095238,-0.7569513682328813,True,vader_finance_enhanced
2021-10-22,0.1374493557422969,34,98,56.87246778711484,0.3483950048943588,True,vader_finance_enhanced
2021-10-25,0.12865309413580248,36,119,56.43265470679012,0.15600700612904553,True,vader_finance_enhanced
2021-10-26,0.12734795918367345,35,137,56.36739795918368,0.1274616634833265,True,vader_finance_enhanced
2021-10-27,0.11400113265306122,35,113,55.70005663265306,-0.16445430729640179,True,vader_finance_enhanced
2021-10-28,0.1210989536019536,35,130,56.054947680097676,-0.00921386208911949,True,vader_finance_enhanced
2021-10-29,0.15724913837252072,33,140,57.86245691862604,0.7814472180532466,True,vader_finance_enhanced
2021-11-01,0.1750795601851852,36,98,58.75397800925926,1.1714264300343014,True,vader_finance_enhanced
2021-11-02,0.10657263191763193,37,134,55.328631595881596,-0.3269272366213697,True,vader_finance_enhanced
2021-11-03,0.1302432757296467,31,105,56.51216378648234,0.1907867646445552,True,vader_finance_enhanced
2021-11-04,0.14447264321089803,38,134,57.2236321605449,0.5020052863166462,True,vader_finance_enhanced
2021-11-05,0.1895636111111111,30,83,59.47818055555556,1.488215276968595,True,vader_finance_enhanced
2021-11-08,0.05567116948092558,41,147,52.78355847404627,-1.4402218304514898,True,vader_finance_enhanced
2021-11-09,0.1181083455882353,34,99,55.905417279411765,-0.07462313668663433,True,vader_finance_enhanced
2021-11-10,0.014022266381766372,30,110,50.70111331908832,-2.3511484804844693,True,vader_finance_enhanced
2021-11-11,0.11111322144522144,39,110,55.555661072261074,-0.22761744213063692,True,vader_finance_enhanced
2021-11-12,0.14138711734693876,28,59,57.069355867346935,0.43452000988200046,True,vader_finance_enhanced
2021-11-15,0.1733206770215011,38,134,58.66603385107505,1.1329569043356404,True,vader_finance_enhanced
2021-11-16,0.10326707329253262,31,119,55.163353664626634,-0.39922497367534077,True,vader_finance_enhanced
2021-11-17,0.11959791616295641,30,133,55.979895808147816,-0.042043898515874506,True,vader_finance_enhanced
2021-11-18,0.11878284072249588,36,122,55.93914203612479,-0.059870873183974535,True,vader_finance_enhanced
2021-11-19,0.09120515455304928,30,105,54.56025772765246,-0.6630380014558825,True,vader_finance_enhanced
2021-11-22,0.1593843828320802,38,133,57.969219141604015,0.8281483539251122,True,vader_finance_enhanced
2021-11-23,0.18103978494623654,31,81,59.05198924731183,1.3017858674029588,True,vader_finance_enhanced
2021-11-24,0.042918240740740736,30,68,52.145912037037036,-1.7191483276931516,True,vader_finance_enhanced
2021-11-26,0.02362683333333333,30,76,51.18134166666667,-2.141081579625681,True,vader_finance_enhanced
2021-11-29,0.028540255809005807,36,122,51.42701279045029,-2.0336173454463315,True,vader_finance_enhanced
2021-11-30,0.10206448646125116,34,105,55.10322432306256,-0.4255274285319518,True,vader_finance_enhanced
2021-12-01,0.020045416666666666,36,86,51.00227083333333,-2.2194127634931573,True,vader_finance_enhanced
2021-12-02,0.058930253305253304,37,116,52.94651266526267,-1.368940569977394,True,vader_finance_enhanced
2021-12-03,0.13290310515873016,30,93,56.64515525793651,0.248961394255462,True,vader_finance_enhanced
2021-12-06,0.12770313150299992,38,165,56.38515657515,0.1352298375996584,True,vader_finance_enhanced
2021-12-07,0.11140050126389586,36,129,55.57002506319479,-0.22133418318803935,True,vader_finance_enhanced
2021-12-08,0.07045970588235295,34,86,53.52298529411765,-1.116773409949991,True,vader_finance_enhanced
2021-12-09,0.13380273989898991,36,103,56.69013699494949,0.268637813061667,True,vader_finance_enhanced
2021-12-10,0.12245666193181819,32,74,56.12283309659091,0.02048134255290608,True,vader_finance_enhanced
2021-12-13,0.10806125649350651,40,140,55.40306282467533,-0.29436868892493423,True,vader_finance_enhanced
2021-12-14,0.14786171052631578,38,93,57.39308552631579,0.576129489036215,True,vader_finance_enhanced
2021-12-15,0.14178501501501503,37,106,57.08925075075075,0.4432226541983154,True,vader_finance_enhanced
2021-12-16,0.07885121875,40,127,53.9425609375,-0.9332378991338928,True,vader_finance_enhanced
2021-12-17,0.0555931746031746,36,110,52.77965873015873,-1.441927700412585,True,vader_finance_enhanced
2021-12-20,0.07822328524542325,39,144,53.91116426227116,-0.9469717869725645,True,vader_finance_enhanced
2021-12-21,0.15557963800432453,34,112,57.77898190021623,0.7449326338873918,True,vader_finance_enhanced
2021-12-22,0.21014640804597703,29,75,60.507320402298845,1.938393237611333,True,vader_finance_enhanced
2021-12-23,0.10749318756449946,38,111,55.374659378224976,-0.30679324486716875,True,vader_finance_enhanced
2021-12-27,0.15003666666666665,33,117,57.50183333333333,0.6236991814764098,True,vader_finance_enhanced
2021-12-28,0.09387963304924242,32,101,54.69398165246212,-0.6045429738360162,True,vader_finance_enhanced
2021-12-29,0.13487635057471264,29,66,56.74381752873563,0.2921193576763556,True,vader_finance_enhanced
2021-12-30,0.15438146074646075,37,101,57.71907303732304,0.7187266232980375,True,vader_finance_enhanced
2021-12-31,0.13423855606758833,31,72,56.71192780337941,0.27816979428927296,True,vader_finance_enhanced
2022-01-03,0.14614017278773858,38,137,57.30700863938692,0.538476766193218,True,vader_finance_enhanced
2022-01-04,0.12249528685548294,36,118,56.12476434277415,0.021326130043177988,True,vader_finance_enhanced
2022-01-05,0.12122038472964945,34,124,56.061019236482466,-0.006557973407048797,True,vader_finance_enhanced
2022-01-06,0.15734941666666666,40,107,57.867470833333336,0.783640461182361,True,vader_finance_enhanced
2022-01-07,0.08505028571428572,35,113,54.252514285714284,-0.7976546092291724,True,vader_finance_enhanced
2022-01-10,0.1865868205574913,41,178,59.32934102787456,1.423108211834064,True,vader_finance_enhanced
2022-01-11,0.08656755070546736,36,102,54.32837753527336,-0.7644696508561075,True,vader_finance_enhanced
2022-01-12,0.14525290340909092,40,153,57.26264517045454,0.5190707971850048,True,vader_finance_enhanced
2022-01-13,0.18379647222222223,40,167,59.189823611111116,1.3620789296121498,True,vader_finance_enhanced
2022-01-14,0.14796848995581138,42,174,57.398424497790565,0.57846492216326,True,vader_finance_enhanced
2022-01-18,0.11298012234767248,47,324,55.64900611738363,-0.18678539954443976,True,vader_finance_enhanced
2022-01-19,0.14572479480164158,43,218,57.28623974008208,0.5293917999824169,True,vader_finance_enhanced
2022-01-20,0.18035802637485973,45,182,59.017901318742986,1.2868747411704868,True,vader_finance_enhanced
2022-01-21,0.14597039050744265,44,177,57.29851952537213,0.5347633621821516,True,vader_finance_enhanced
2022-01-24,0.12135802121046801,47,222,56.0679010605234,-0.0035476483068683736,True,vader_finance_enhanced
2022-01-25,0.14069862611472733,43,202,57.03493130573637,0.4194616298271342,True,vader_finance_enhanced
2022-01-26,0.15469248858604331,41,230,57.73462442930216,0.7255292886000118,True,vader_finance_enhanced
2022-01-27,0.190763654760095,46,233,59.53818273800475,1.514462108450798,True,vader_finance_enhanced
2022-01-28,0.1090681704503507,43,210,55.453408522517535,-0.2723459058663801,True,vader_finance_enhanced
2022-01-31,0.156333086372847,47,212,57.81665431864235,0.7614117281069188,True,vader_finance_enhanced
2022-02-01,0.10010917152928456,41,236,55.00545857646423,-0.46829322422398184,True,vader_finance_enhanced
2022-02-02,0.13272878731882237,44,239,56.636439365941115,0.24514879046202875,True,vader_finance_enhanced
2022-02-03,0.1757489830195644,43,150,58.78744915097822,1.1860677544054334,True,vader_finance_enhanced
2022-02-04,0.10612260442773601,38,104,55.306130221386795,-0.3367700416723848,True,vader_finance_enhanced
2022-02-07,0.14829227004261888,43,188,57.41461350213094,0.5855464990566716,True,vader_finance_enhanced
2022-02-08,0.16598789450628737,42,211,58.29939472531437,0.9725774821909331,True,vader_finance_enhanced
2022-02-09,0.18688292995622266,41,139,59.34414649781113,1.429584587502049,True,vader_finance_enhanced
2022-02-10,0.13207256337704162,45,162,56.60362816885208,0.23079614651521033,True,vader_finance_enhanced
2022-02-11,0.10189431216931216,42,133,55.094715608465606,-0.4292494064507617,True,vader_finance_enhanced
2022-02-14,0.120466877662461,45,237,56.02334388312305,-0.02303835145820584,True,vader_finance_enhanced
2022-02-15,0.16995864538498326,41,158,58.49793226924916,1.0594240141976543,True,vader_finance_enhanced
2022-02-16,0.1502286971198736,39,145,57.511434855993684,0.6278991878253802,True,vader_finance_enhanced
2022-02-17,0.08319383223005795,47,200,54.1596916115029,-0.8382581504389718,True,vader_finance_enhanced
2022-02-18,0.05155774621212121,44,139,52.577887310606066,-1.5301888307707685,True,vader_finance_enhanced
2022-02-22,0.10966778792912515,43,204,55.48338939645626,-0.2592313337985201,True,vader_finance_enhanced
2022-02-23,0.04444201550387597,43,117,52.2221007751938,-1.6858209904261208,True,vader_finance_enhanced
2022-02-24,0.09321522347535505,38,130,54.660761173767746,-0.6190746503594078,True,vader_finance_enhanced
2022-02-25,0.06041868498168498,40,125,53.02093424908425,-1.3363862412934715,True,vader_finance_enhanced
2022-02-28,0.13691822206995286,39,187,56.845911103497635,0.3367782807824133,True,vader_finance_enhanced
2022-03-01,0.0991036560150376,43,160,54.95518280075188,-0.49028542115575807,True,vader_finance_enhanced
2022-03-02,0.1358214340828924,36,146,56.79107170414463,0.31278981211924795,True,vader_finance_enhanced
2022-03-03,0.09729284664053894,39,138,54.864642332026946,-0.5298906542979887,True,vader_finance_enhanced
2022-03-04,0.10727886621315193,42,140,55.36394331065759,-0.3114807880216365,True,vader_finance_enhanced
2022-03-07,0.09946837257980116,42,201,54.97341862899005,-0.4823084994644321,True,vader_finance_enhanced
2022-03-08,0.0886948642439432,38,141,54.434743212197155,-0.7179419766323722,True,vader_finance_enhanced
2022-03-09,0.09637628401360544,42,172,54.81881420068028,-0.5499373124611137,True,vader_finance_enhanced
2022-03-10,0.08892577918458353,46,176,54.44628895922917,-0.7128915057275501,True,vader_finance_enhanced
2022-03-11,0.13374813700918964,38,129,56.687406850459475,0.26744356246233036,True,vader_finance_enhanced
2022-03-14,0.18864899409376154,43,160,59.432449704688075,1.4682111723300213,True,vader_finance_enhanced
2022-03-15,0.13945355356702918,41,162,56.97267767835146,0.3922299459044525,True,vader_finance_enhanced
2022-03-16,0.15378482714904146,35,149,57.68924135745207,0.7056773133822319,True,vader_finance_enhanced
2022-03-17,0.07503498355402768,34,148,53.75174917770138,-1.016704931495549,True,vader_finance_enhanced
2022-03-18,0.12909771642991155,41,110,56.45488582149558,0.1657315910944281,True,vader_finance_enhanced
2022-03-21,0.13517397862554112,48,218,56.75869893127705,0.29862894864088935,True,vader_finance_enhanced
2022-03-22,0.06899374302874303,37,134,53.44968715143715,-1.1488363103373636,True,vader_finance_enhanced
2022-03-23,0.13400497556207233,31,126,56.700248778103614,0.2730610233116528,True,vader_finance_enhanced
2022-03-24,0.08860949028449029,37,168,54.430474514224514,-0.7198092386512381,True,vader_finance_enhanced
2022-03-25,0.17001511029411764,34,138,58.50075551470588,1.0606589900720427,True,vader_finance_enhanced
2022-03-28,0.16073256257631258,39,186,58.03662812881563,0.8576351534965686,True,vader_finance_enhanced
2022-03-29,0.07978850171146683,43,147,53.98942508557334,-0.9127380548477365,True,vader_finance_enhanced
2022-03-30,0.23465724977954144,36,102,61.73286248897707,2.4744836814985605,True,vader_finance_enhanced
2022-03-31,0.13884891103728314,43,143,56.94244555186416,0.37900546811261965,True,vader_finance_enhanced
2022-04-01,0.1709958746333032,35,139,58.549793731665154,1.0821098400941684,True,vader_finance_enhanced
2022-04-04,0.10836647738796112,43,211,55.41832386939806,-0.2876930305950219,True,vader_finance_enhanced
2022-04-05,0.09802449821012321,44,150,54.901224910506166,-0.5138882901616274,True,vader_finance_enhanced
2022-04-06,0.1579475160875161,37,119,57.897375804375805,0.7967218309491444,True,vader_finance_enhanced
2022-04-07,0.10555375198412698,40,131,55.277687599206345,-0.3492117343043886,True,vader_finance_enhanced
2022-04-08,0.19170382793117247,35,132,59.58519139655862,1.5350251661414527,True,vader_finance_enhanced
2022-04-11,0.14664183844260315,40,216,57.33209192213016,0.549448978674646,True,vader_finance_enhanced
2022-04-12,0.17436878409949838,42,137,58.71843920497491,1.1558806453802197,True,vader_finance_enhanced
2022-04-13,0.14739524122807016,38,148,57.369762061403506,0.5659270759214576,True,vader_finance_enhanced
2022-04-14,0.14264613452380953,40,187,57.13230672619047,0.4620566846542113,True,vader_finance_enhanced
2022-04-18,0.14945598440854538,41,149,57.47279922042728,0.6109987522990883,True,vader_finance_enhanced
2022-04-19,0.12464032177363699,46,156,56.232016088681846,0.06824139855687085,True,vader_finance_enhanced
2022-04-20,0.14434647435897435,39,132,57.21732371794872,0.49924577619587035,True,vader_finance_enhanced
2022-04-21,0.11251746371136173,48,190,55.62587318556809,-0.19690446752277221,True,vader_finance_enhanced
2022-04-22,0.10956030663780664,44,148,55.478015331890326,-0.2615821177413503,True,vader_finance_enhanced
2022-04-25,0.16685326276442233,47,277,58.34266313822112,0.9915044394399866,True,vader_finance_enhanced
2022-04-26,0.12647225525092193,45,212,56.32361276254609,0.10830864886532203,True,vader_finance_enhanced
2022-04-27,0.11562015237408095,42,207,55.781007618704045,-0.12904381383647667,True,vader_finance_enhanced
2022-04-28,0.14750651047815821,44,211,57.37532552390792,0.568360708446979,True,vader_finance_enhanced
2022-04-29,0.1329927468133718,40,194,56.64963734066859,0.2509219974428189,True,vader_finance_enhanced
2022-05-02,0.13146459286745,42,166,56.5732296433725,0.21749888059916442,True,vader_finance_enhanced
2022-05-03,0.1794554804804805,37,150,58.97277402402402,1.2671346508706178,True,vader_finance_enhanced
2022-05-04,0.07862505138263719,38,143,53.93125256913186,-0.9381845331858887,True,vader_finance_enhanced
2022-05-05,0.13869699058693244,43,166,56.93484952934662,0.3756827302585162,True,vader_finance_enhanced
2022-05-06,0.07680697562358277,42,150,53.84034878117914,-0.9779486935230439,True,vader_finance_enhanced
2022-05-09,0.09618131549344963,41,165,54.80906577467248,-0.5542015789294185,True,vader_finance_enhanced
2022-05-10,0.14797200389557533,42,141,57.39860019477877,0.5785417775217304,True,vader_finance_enhanced
2022-05-11,0.09150437271062271,39,140,54.57521863553113,-0.6564936323698956,True,vader_finance_enhanced
2022-05-12,0.09857114795918367,42,164,54.92855739795919,-0.5019322051846123,True,vader_finance_enhanced
2022-05-13,0.10705284385205438,38,143,55.352642192602715,-0.3164242505598201,True,vader_finance_enhanced
2022-05-16,0.07259717612942612,40,206,53.62985880647131,-1.0700235926240496,True,vader_finance_enhanced
2022-05-17,0.12067136286262757,45,199,56.033568143131376,-0.01856594031389372,True,vader_finance_enhanced
2022-05-18,0.08676712047852489,41,148,54.33835602392625,-0.7601047477904417,True,vader_finance_enhanced
2022-05-19,0.1590871612846613,37,149,57.95435806423307,0.8216476538259208,True,vader_finance_enhanced
2022-05-20,0.15528775243189064,42,153,57.76438762159452,0.7385486399066347,True,vader_finance_enhanced
2022-05-23,0.11939173721138595,45,186,55.9695868605693,-0.04655335465243204,True,vader_finance_enhanced
2022-05-24,0.21186950142450142,39,118,60.593475071225065,1.9760799847330097,True,vader_finance_enhanced
2022-05-25,0.1184487822871573,40,147,55.92243911435787,-0.06717725363518928,True,vader_finance_enhanced
2022-05-26,0.1572236713149152,43,162,57.861183565745755,0.7808902136727093,True,vader_finance_enhanced
2022-05-27,0.10410900396825398,40,101,55.2054501984127,-0.3808106330102599,True,vader_finance_enhanced
2022-05-31,0.2169465380356078,43,160,60.847326901780384,2.0871227159482593,True,vader_finance_enhanced
2022-06-01,0.16755647944647944,39,127,58.377823972323974,1.0068848881137122,True,vader_finance_enhanced
2022-06-02,0.107773231292517,42,120,55.38866156462585,-0.30066825054454743,True,vader_finance_enhanced
2022-06-03,0.10900451754385966,38,111,55.450225877192985,-0.27373809448505004,True,vader_finance_enhanced
2022-06-06,0.10310042822257108,42,153,55.15502141112856,-0.40286976198976926,True,vader_finance_enhanced
2022-06-07,0.16345555555555555,42,125,58.172777777777775,0.9171912687378172,True,vader_finance_enhanced
2022-06-08,0.18277904119981325,34,117,59.13895205999067,1.3398261218809098,True,vader_finance_enhanced
2022-06-09,0.09314868466898955,41,119,54.65743423344948,-0.6205299581219054,True,vader_finance_enhanced
2022-06-10,0.07221006673881673,42,129,53.61050333694084,-1.078490280439202,True,vader_finance_enhanced
2022-06-13,0.11745664927048262,45,198,55.872832463524134,-0.08887675441471465,True,vader_finance_enhanced
2022-06-14,0.11360063852813852,44,140,55.680031926406926,-0.1732137401848297,True,vader_finance_enhanced
2022-06-15,0.09803610942760943,45,139,54.90180547138047,-0.5136343346751566,True,vader_finance_enhanced
2022-06-16,0.0893797949334616,45,134,54.46898974667308,-0.7029614712149229,True,vader_finance_enhanced
2022-06-17,0.18216804166666667,40,122,59.10840208333333,1.3264626064822973,True,vader_finance_enhanced
2022-06-21,0.13764416184248948,43,217,56.88220809212447,0.35265571898404124,True,vader_finance_enhanced
2022-06-22,0.14279696177805934,41,160,57.139848088902966,0.46535551259981983,True,vader_finance_enhanced
2022-06-23,0.11868801851851851,45,181,55.93440092592592,-0.06194478308772886,True,vader_finance_enhanced
2022-06-24,0.07761708002645501,36,119,53.88085400132275,-0.9602304432217467,True,vader_finance_enhanced
2022-06-27,0.15022370257193787,44,225,57.5111851285969,0.6277899492505085,True,vader_finance_enhanced
2022-06-28,0.14467471606512863,43,166,57.23373580325644,0.5064249356824083,True,vader_finance_enhanced
2022-06-29,0.15795878972878974,39,156,57.89793948643948,0.7969684031158742,True,vader_finance_enhanced
2022-06-30,0.14222800150391615,41,143,57.1114000751958,0.45291146154538614,True,vader_finance_enhanced
2022-07-01,0.13551797321428571,40,112,56.77589866071428,0.3061526483073258,True,vader_finance_enhanced
2022-07-05,0.16858815463306534,42,228,58.42940773165327,1.0294492379935007,True,vader_finance_enhanced
2022-07-06,0.1338475487012987,44,126,56.692377435064934,0.26961785164952484,True,vader_finance_enhanced
2022-07-07,0.11277541134339915,41,142,55.638770567169956,-0.19126274937772633,True,vader_finance_enhanced
2022-07-08,0.13328605263157894,38,96,56.66430263157894,0.25733705441991367,True,vader_finance_enhanced
2022-07-11,0.14202456123586557,46,189,57.10122806179327,0.44846190470073377,True,vader_finance_enhanced
2022-07-12,0.11451850478468899,38,140,55.725925239234456,-0.1531385696030934,True,vader_finance_enhanced
2022-07-13,0.11164258096400954,42,145,55.58212904820048,-0.21603952153175202,True,vader_finance_enhanced
2022-07-14,0.09537039858515468,41,180,54.76851992925773,-0.571937599995076,True,vader_finance_enhanced
2022-07-15,0.05417470211038962,40,167,52.70873510551948,-1.47295191233337,True,vader_finance_enhanced
2022-07-18,0.17031085450459252,43,237,58.51554272522963,1.0671273785017001,True,vader_finance_enhanced
2022-07-19,0.14498915043290042,44,131,57.24945752164502,0.5133021070837213,True,vader_finance_enhanced
2022-07-20,0.12341703910220216,46,164,56.17085195511011,0.04148629330762793,True,vader_finance_enhanced
2022-07-21,0.12304111607142858,40,148,56.15205580357143,0.033264268677650734,True,vader_finance_enhanced
2022-07-22,0.1877792714482487,44,144,59.388963572412436,1.4491889778187135,True,vader_finance_enhanced
2022-07-25,0.12844494919438335,46,223,56.422247459719166,0.15145455071967204,True,vader_finance_enhanced
2022-07-26,0.10117930416666668,40,203,55.05896520833333,-0.4448877497474852,True,vader_finance_enhanced
2022-07-27,0.15637376205873468,43,182,57.81868810293673,0.7623013689744162,True,vader_finance_enhanced
2022-07-28,0.14577483508554936,42,208,57.288741754277474,0.5304862592549288,True,vader_finance_enhanced
2022-07-29,0.21273290299701725,41,171,60.636645149850864,1.9949639274916589,True,vader_finance_enhanced
2022-08-01,0.17243454994192797,41,180,58.6217274970964,1.113575919194753,True,vader_finance_enhanced
2022-08-02,0.09547995557804768,38,184,54.773997778902384,-0.5695414172123962,True,vader_finance_enhanced
2022-08-03,0.15997782820001616,41,169,57.99889141000081,0.8411279322756979,True,vader_finance_enhanced
2022-08-04,0.12319079166666666,40,143,56.15953958333333,0.036537908039467965,True,vader_finance_enhanced
2022-08-05,0.18143904761904764,35,95,59.07195238095239,1.3105183665077038,True,vader_finance_enhanced
2022-08-08,0.11230904204956837,38,183,55.61545210247842,-0.20146297523952314,True,vader_finance_enhanced
2022-08-09,0.11608400488400489,36,131,55.80420024420024,-0.11889863397499476,True,vader_finance_enhanced
2022-08-10,0.18402519961519961,39,129,59.20125998075998,1.3670815554282394,True,vader_finance_enhanced
2022-08-11,0.0953545670995671,38,143,54.76772835497835,-0.5722838593454604,True,vader_finance_enhanced
2022-08-12,0.18626487351190477,32,99,59.31324367559524,1.416066726419048,True,vader_finance_enhanced
2022-08-15,0.12369333676905106,42,193,56.18466683845256,0.04752935541361846,True,vader_finance_enhanced
2022-08-16,0.10210571733821733,39,139,55.10528586691087,-0.42462564476724385,True,vader_finance_enhanced
2022-08-17,0.1260676026570048,36,114,56.30338013285024,0.09945826375610375,True,vader_finance_enhanced
2022-08-18,0.08954873015873016,42,112,54.4774365079365,-0.6992665936221066,True,vader_finance_enhanced
2022-08-19,0.0729973611111111,36,103,53.64986805555556,-1.0612709211817333,True,vader_finance_enhanced
2022-08-22,0.19983727915804,46,163,59.991863957902005,1.712916465263005,True,vader_finance_enhanced
2022-08-23,0.1475038293650794,40,102,57.37519146825397,0.5683020683106602,True,vader_finance_enhanced
2022-08-24,0.09836360110710951,42,129,54.91818005535547,-0.5064715794445943,True,vader_finance_enhanced
2022-08-25,0.11988929487179487,39,125,55.994464743589745,-0.03567099043468888,True,vader_finance_enhanced
2022-08-26,0.09550090939153438,36,109,54.775045469576725,-0.5690831245394916,True,vader_finance_enhanced
2022-08-29,0.14982123393801966,42,152,57.49106169690098,0.618987330762199,True,vader_finance_enhanced
2022-08-30,0.09219192669172932,38,107,54.60959633458646,-0.6414557514625608,True,vader_finance_enhanced
2022-08-31,0.09654718795093796,42,124,54.82735939754689,-0.5461993760563756,True,vader_finance_enhanced
2022-09-01,0.1463758049805288,41,173,57.31879024902644,0.5436304107803824,True,vader_finance_enhanced
2022-09-02,0.14419969387755102,35,117,57.209984693877544,0.49603545750116546,True,vader_finance_enhanced
2022-09-06,0.1814434060846561,42,181,59.072170304232806,1.3106136929672396,True,vader_finance_enhanced
2022-09-07,0.11284430697278912,42,137,55.64221534863945,-0.1897558942095914,True,vader_finance_enhanced
2022-09-08,0.1930607724867725,45,133,59.65303862433863,1.5647036658457627,True,vader_finance_enhanced
2022-09-09,0.16561977642276424,41,103,58.280988821138216,0.9645261639643299,True,vader_finance_enhanced
2022-09-12,0.1403283244047619,40,176,57.0164162202381,0.41136255227502677,True,vader_finance_enhanced
2022-09-13,0.12900235119047618,40,122,56.450117559523804,0.16364580415589497,True,vader_finance_enhanced
2022-09-14,0.12203850000000001,40,159,56.101924999999994,0.01133548709506709,True,vader_finance_enhanced
2022-09-15,0.14020219720496893,44,157,57.01010986024845,0.4086039531514939,True,vader_finance_enhanced
2022-09-16,0.2150685182072829,40,120,60.75342591036414,2.0460474850631023,True,vader_finance_enhanced
2022-09-19,0.1157384260977118,42,172,55.786921304885595,-0.1264569825195157,True,vader_finance_enhanced
2022-09-20,0.09682070767195766,36,105,54.841035383597884,-0.5402170719704017,True,vader_finance_enhanced
2022-09-21,0.1096446831352929,41,106,55.48223415676464,-0.25973667177573434,True,vader_finance_enhanced
2022-09-22,0.10325988095238095,46,135,55.16299404761905,-0.39938228140334175,True,vader_finance_enhanced
2022-09-23,0.07997705654761905,40,118,53.99885282738095,-0.9086140656796489,True,vader_finance_enhanced
2022-09-26,0.15791174689440995,46,154,57.895587344720504,0.7959395027525776,True,vader_finance_enhanced
2022-09-27,0.11489944223985891,36,113,55.744972111992944,-0.14480687166896378,True,vader_finance_enhanced
2022-09-28,0.06101973370064279,44,150,53.05098668503214,-1.3232403657643292,True,vader_finance_enhanced
2022-09-29,0.11720171685340802,34,138,55.8600858426704,-0.09445252509270068,True,vader_finance_enhanced
2022-09-30,0.12266883116883116,31,94,56.133441558441554,0.025121815600951038,True,vader_finance_enhanced
2022-10-03,0.18178007554945055,40,155,59.08900377747253,1.3179771807163279,True,vader_finance_enhanced
2022-10-04,0.1529459100976543,43,112,57.64729550488271,0.6873288853946751,True,vader_finance_enhanced
2022-10-05,0.17973270138888892,40,123,58.986635069444446,1.273197905713473,True,vader_finance_enhanced
2022-10-06,0.061313190883190885,39,131,53.06565954415955,-1.3168219982123623,True,vader_finance_enhanced
2022-10-07,0.12682846431555078,42,163,56.34142321577754,0.11609949822289595,True,vader_finance_enhanced
2022-10-10,0.165181873015873,45,170,58.259093650793645,0.9549485315708008,True,vader_finance_enhanced
2022-10-11,0.08911759183673469,35,112,54.455879591836734,-0.7086962630283125,True,vader_finance_enhanced
2022-10-12,0.13019012362637364,36,128,56.50950618131868,0.18962424501561184,True,vader_finance_enhanced
2022-10-13,0.010195242165242167,39,114,50.509762108262116,-2.4348514855997196,True,vader_finance_enhanced
2022-10-14,0.12018500644414636,38,163,56.009250322207315,-0.029203315851836165,True,vader_finance_enhanced
2022-10-17,0.06393288555194805,44,153,53.19664427759741,-1.2595251785809134,True,vader_finance_enhanced
2022-10-18,0.10840108784893268,42,164,55.42005439244664,-0.2869360456825056,True,vader_finance_enhanced
2022-10-19,0.0586806179138322,42,140,52.934030895691606,-1.3744004864197432,True,vader_finance_enhanced
2022-10-20,0.12666462962962963,45,143,56.333231481481484,0.11251617740289635,True,vader_finance_enhanced
2022-10-21,0.13971572222222223,40,138,56.98578611111111,0.39796398442762965,True,vader_finance_enhanced
2022-10-24,0.11354907694962044,46,169,55.67745384748102,-0.17434147254978702,True,vader_finance_enhanced
2022-10-25,0.11421808892012382,43,169,55.7109044460062,-0.15970913441421408,True,vader_finance_enhanced
2022-10-26,0.13521647095959596,36,114,56.7608235479798,0.2995583224450567,True,vader_finance_enhanced
2022-10-27,0.1329774155516201,44,197,56.64887077758101,0.2505866787700794,True,vader_finance_enhanced
2022-10-28,0.11636337791837792,39,164,55.818168895918895,-0.11278830877134943,True,vader_finance_enhanced
2022-10-31,0.2164285031939605,41,153,60.82142515969803,2.07579248375034,True,vader_finance_enhanced
2022-11-01,0.1866402742652085,38,120,59.33201371326042,1.424277328023913,True,vader_finance_enhanced
2022-11-02,0.14537315628815628,39,134,57.26865781440782,0.5217009157267352,True,vader_finance_enhanced
2022-11-03,0.08705124274099885,41,139,54.352562137049944,-0.7538905495403943,True,vader_finance_enhanced
2022-11-04,0.11645442538126363,36,105,55.82272126906318,-0.11079695835899828,True,vader_finance_enhanced
2022-11-07,0.0395420652574376,47,176,51.97710326287188,-1.792990565881434,True,vader_finance_enhanced
2022-11-08,0.0846629293854294,39,141,54.23314646927147,-0.806126697969999,True,vader_finance_enhanced
2022-11-09,0.07526732843137256,34,104,53.76336642156863,-1.011623185638565,True,vader_finance_enhanced
2022-11-10,0.09872983382471189,41,109,54.93649169123559,-0.49846149711940724,True,vader_finance_enhanced
2022-11-11,0.18545423214285714,40,88,59.27271160714286,1.3983367318276754,True,vader_finance_enhanced
2022-11-14,0.16921952963884337,45,188,58.460976481942176,1.0432583968459832,True,vader_finance_enhanced
2022-11-15,0.16998931292517008,35,126,58.49946564625851,1.0600947612658453,True,vader_finance_enhanced
2022-11-16,0.1368820687134503,38,135,56.84410343567251,0.3359875503315316,True,vader_finance_enhanced
2022-11-17,0.140593671875,32,107,57.02968359375,0.4171661164549342,True,vader_finance_enhanced
2022-11-18,0.10642206845238096,32,80,55.321103422619046,-0.33022029508900536,True,vader_finance_enhanced
2022-11-21,0.18122246451154986,41,166,59.0611232255775,1.3057813552088235,True,vader_finance_enhanced
2022-11-22,0.047786162464985994,34,106,52.3893081232493,-1.6126792661110951,True,vader_finance_enhanced
2022-11-23,0.18344151537698414,32,103,59.17207576884921,1.3543154682511342,True,vader_finance_enhanced
2022-11-25,0.17247686873433585,38,108,58.6238434367168,1.1145014973716802,True,vader_finance_enhanced
2022-11-28,0.14331260100193924,34,149,57.16563005009696,0.47663334889039927,True,vader_finance_enhanced
2022-11-29,0.13189983694083693,35,112,56.59499184704184,0.2270183492097333,True,vader_finance_enhanced
2022-11-30,0.15446250915750914,39,113,57.723125457875454,0.7204992788081006,True,vader_finance_enhanced
2022-12-01,0.1656709860248447,46,118,58.28354930124223,0.9656461980541022,True,vader_finance_enhanced
2022-12-02,0.14379947934947934,37,110,57.18997396747396,0.48728213983316127,True,vader_finance_enhanced
2022-12-05,0.1291320321637427,38,143,56.45660160818713,0.16648212986342767,True,vader_finance_enhanced
2022-12-06,0.06714044612794613,36,106,53.357022306397305,-1.1893708121306052,True,vader_finance_enhanced
2022-12-07,0.13133286375661377,36,119,56.56664318783069,0.2146177589196768,True,vader_finance_enhanced
2022-12-08,0.10441418091168092,36,124,55.22070904558405,-0.3741359359580627,True,vader_finance_enhanced
2022-12-09,0.12211286295005809,41,117,56.1056431475029,0.012961921117151722,True,vader_finance_enhanced
2022-12-12,0.12348714781746031,40,141,56.17435739087302,0.0430196805609772,True,vader_finance_enhanced
2022-12-13,0.11839921157059315,38,132,55.91996057852966,-0.06826144273548831,True,vader_finance_enhanced
2022-12-14,0.09991557870370371,36,91,54.99577893518519,-0.4725274021003336,True,vader_finance_enhanced
2022-12-15,0.13968943223443223,39,140,56.98447161172161,0.39738898127688793,True,vader_finance_enhanced
2022-12-16,0.07517240476190476,35,108,53.75862023809523,-1.0136993147512878,True,vader_finance_enhanced
2022-12-19,0.12117115753755289,43,160,56.05855787687764,-0.00763464908996623,True,vader_finance_enhanced
2022-12-20,0.2160854144119769,40,126,60.80427072059884,2.068288595494456,True,vader_finance_enhanced
2022-12-21,0.120656158008658,38,138,56.0328079004329,-0.018898494250734796,True,vader_finance_enhanced
2022-12-22,0.11819069444444444,34,119,55.90953472222222,-0.07282203840699789,True,vader_finance_enhanced
2022-12-23,0.11711361111111111,27,71,55.85568055555555,-0.09637953547489758,True,vader_finance_enhanced
2022-12-27,0.18241487483416055,42,184,59.120743741708026,1.331861233904655,True,vader_finance_enhanced
2022-12-28,0.13248888888888888,33,89,56.62444444444444,0.23990183659610806,True,vader_finance_enhanced
2022-12-29,0.10101949874686716,38,101,55.050974937343355,-0.4483829442155965,True,vader_finance_enhanced
2022-12-30,0.09397285714285715,34,94,54.69864285714286,-0.6025040171053516,True,vader_finance_enhanced
2023-01-03,0.16655303679163974,44,195,58.32765183958198,0.9849380278591433,True,vader_finance_enhanced
2023-01-04,0.1444477574002574,37,137,57.22238787001287,0.5014609947163066,True,vader_finance_enhanced
2023-01-05,0.17369614710225176,43,130,58.68480735511259,1.1411690222401982,True,vader_finance_enhanced
2023-01-06,0.14825974789915966,34,101,57.41298739495798,0.5848351889142971,True,vader_finance_enhanced
2023-01-09,0.15604165313852814,44,157,57.802082656926416,0.755037627468198,True,vader_finance_enhanced
2023-01-10,0.14048301378446115,38,116,57.02415068922306,0.4147458509446133,True,vader_finance_enhanced
2023-01-11,0.12451453805453806,39,115,56.225726902726905,0.06549031189332352,True,vader_finance_enhanced
2023-01-12,0.09769756814890534,43,136,54.88487840744527,-0.5210387619219817,True,vader_finance_enhanced
2023-01-13,0.17459740955625572,39,132,58.72987047781278,1.1608810416917477,True,vader_finance_enhanced
2023-01-17,0.19525288426776255,44,319,59.76264421338813,1.6126485789783105,True,vader_finance_enhanced
2023-01-18,0.14571704166666666,40,131,57.28585208333333,0.5292222267945436,True,vader_finance_enhanced
2023-01-19,0.07909617595818816,41,126,53.9548087979094,-0.9278803018755684,True,vader_finance_enhanced
2023-01-20,0.09391819033530571,39,149,54.69590951676528,-0.6036996656858742,True,vader_finance_enhanced
2023-01-23,0.16133181499835447,45,222,58.06659074991772,0.8707417412027354,True,vader_finance_enhanced
2023-01-24,0.1468107422228934,43,189,57.34053711114468,0.5531431685166063,True,vader_finance_enhanced
2023-01-25,0.09421010710485744,43,193,54.710505355242866,-0.5973149893753574,True,vader_finance_enhanced
2023-01-26,0.15218160232444322,44,233,57.60908011622217,0.6706122790104032,True,vader_finance_enhanced
2023-01-27,0.1468974588301562,38,185,57.34487294150781,0.5550397963429878,True,vader_finance_enhanced
2023-01-30,0.12385361181501427,41,175,56.19268059075071,0.05103482134042923,True,vader_finance_enhanced
2023-01-31,0.09697712068471522,42,217,54.84885603423576,-0.5367960747500528,True,vader_finance_enhanced
2023-02-01,0.04783476558774123,42,172,52.391738279387056,-1.6116162398007223,True,vader_finance_enhanced
2023-02-02,0.1953635515873016,44,163,59.76817757936508,1.6150690463413,True,vader_finance_enhanced
2023-02-03,0.10890211451247167,42,127,55.44510572562358,-0.275977808940756,True,vader_finance_enhanced
2023-02-06,0.10535677191166322,46,215,55.267838595583164,-0.35351999656775385,True,vader_finance_enhanced
2023-02-07,0.11994597452934662,43,134,55.99729872646733,-0.034431317676544206,True,vader_finance_enhanced
2023-02-08,0.10495894011544012,40,141,55.247947005772005,-0.3622212001636159,True,vader_finance_enhanced
2023-02-09,0.12499594650320943,44,175,56.249797325160465,0.07601946759285585,True,vader_finance_enhanced
2023-02-10,0.14629351851851852,33,92,57.314675925925926,0.5418306771594602,True,vader_finance_enhanced
2023-02-13,0.1827109009257973,44,176,59.13554504628986,1.3383357875161874,True,vader_finance_enhanced
2023-02-14,0.12758914376321354,43,137,56.37945718816068,0.13273674745269282,True,vader_finance_enhanced
2023-02-15,0.08286700066137566,36,94,54.143350033068785,-0.8454064680135298,True,vader_finance_enhanced
2023-02-16,0.11966840716690717,45,157,55.983420358345356,-0.04050215001091507,True,vader_finance_enhanced
2023-02-17,0.13954351315351315,39,113,56.97717565767566,0.3941975027584492,True,vader_finance_enhanced
2023-02-21,0.09099554912478826,46,289,54.54977745623941,-0.6676223999967027,True,vader_finance_enhanced
2023-02-22,0.10804084204413474,41,163,55.402042102206735,-0.294815184861075,True,vader_finance_enhanced
2023-02-23,0.08849361069316862,44,202,54.424680534658435,-0.7223437065501531,True,vader_finance_enhanced
2023-02-24,0.07373552083333333,40,117,53.68677604166666,-1.0451262135683714,True,vader_finance_enhanced
2023-02-27,0.08765671928916494,46,191,54.382835964458245,-0.7406478304613028,True,vader_finance_enhanced
2023-02-28,0.20129122794767956,31,103,60.064561397383976,1.7447165992812428,True,vader_finance_enhanced
2023-03-01,0.10214240679217423,43,152,55.10712033960872,-0.42382318902657445,True,vader_finance_enhanced
2023-03-02,0.16319868317728783,43,134,58.15993415886439,0.9115730680744212,True,vader_finance_enhanced
2023-03-03,0.0925515522875817,34,90,54.627577614379085,-0.6335901772236432,True,vader_finance_enhanced
2023-03-06,0.06792618959435627,45,186,53.39630947971782,-1.1721853736104553,True,vader_finance_enhanced
2023-03-07,0.15337635501355013,41,129,57.668817750677505,0.6967433889249887,True,vader_finance_enhanced
2023-03-08,0.12733780294231514,41,135,56.366890147115754,0.12723953060036866,True,vader_finance_enhanced
2023-03-09,0.10655247474747474,42,146,55.327623737373735,-0.32736810545870054,True,vader_finance_enhanced
2023-03-10,0.14132709750566894,42,139,57.066354875283444,0.43320728208186454,True,vader_finance_enhanced
2023-03-13,0.09452764987537715,44,214,54.72638249376885,-0.590369832344378,True,vader_finance_enhanced
2023-03-14,0.11184773199023199,39,138,55.5923865995116,-0.2115525477302401,True,vader_finance_enhanced
2023-03-15,0.10503865881032548,45,159,55.25193294051627,-0.36047762762572616,True,vader_finance_enhanced
2023-03-16,0.08640478137708252,44,158,54.32023906885413,-0.7680296706405593,True,vader_finance_enhanced
2023-03-17,0.08008128289473684,38,140,54.004064144736844,-0.9063344724572502,True,vader_finance_enhanced
2023-03-20,0.13433138095238095,45,207,56.716569047619046,0.28020001969863184,True,vader_finance_enhanced
2023-03-21,0.160995823181986,43,141,58.04979115909929,0.8633930746845717,True,vader_finance_enhanced
2023-03-22,0.0976294422755607,42,160,54.88147211377803,-0.5225287813215002,True,vader_finance_enhanced
2023-03-23,0.11657984693877552,42,137,55.828992346938776,-0.10805379273578343,True,vader_finance_enhanced
2023-03-24,0.11102864192949907,35,105,55.551432096474954,-0.22946732842259895,True,vader_finance_enhanced
2023-03-27,0.12030928549093184,41,203,56.01546427454659,-0.026485138725104645,True,vader_finance_enhanced
2023-03-28,0.19622619047619047,39,112,59.81130952380952,1.633936308016184,True,vader_finance_enhanced
2023-03-29,0.08498182816537468,43,151,54.24909140826873,-0.7991518828920713,True,vader_finance_enhanced
2023-03-30,0.17356139423076924,40,133,58.67806971153846,1.1382217661861878,True,vader_finance_enhanced
2023-03-31,0.1395273872180451,38,116,56.976369360902254,0.39384480332865685,True,vader_finance_enhanced
2023-04-03,0.09463517370318732,45,269,54.73175868515937,-0.5880181180619479,True,vader_finance_enhanced
2023-04-04,0.13479776646333466,44,171,56.73988832316673,0.290400600254271,True,vader_finance_enhanced
2023-04-05,0.08845144842626046,35,148,54.42257242131302,-0.7232658612695946,True,vader_finance_enhanced
2023-04-06,0.1846510465337132,45,145,59.23255232668566,1.3807698063662708,True,vader_finance_enhanced
2023-04-10,0.13967846658668054,45,276,56.98392332933403,0.39714914541018803,True,vader_finance_enhanced
2023-04-11,0.09665608752358752,44,140,54.832804376179375,-0.5438175720826308,True,vader_finance_enhanced
2023-04-12,0.11224503571428572,40,156,55.612251785714285,-0.20286289389863166,True,vader_finance_enhanced
2023-04-13,0.04615639314240887,41,171,52.30781965712045,-1.6483248701695523,True,vader_finance_enhanced
2023-04-14,0.1270491996753247,40,183,56.35245998376624,0.12092732577321448,True,vader_finance_enhanced
2023-04-17,0.10474537002795535,44,257,55.237268501397764,-0.36689231200242145,True,vader_finance_enhanced
2023-04-18,0.11331185970648737,47,216,55.665592985324366,-0.1795297846669824,True,vader_finance_enhanced
2023-04-19,0.15549877482811306,44,226,57.774938741405656,0.743164029752921,True,vader_finance_enhanced
2023-04-20,0.11170490347307015,45,222,55.585245173653504,-0.21467643078563892,True,vader_finance_enhanced
2023-04-21,0.14960423620030763,42,150,57.48021181001538,0.6142412508520478,True,vader_finance_enhanced
2023-04-24,0.13141410281208155,47,252,56.57070514060407,0.21639458412136145,True,vader_finance_enhanced
2023-04-25,0.11663876001657916,47,235,55.83193800082896,-0.10676527158364074,True,vader_finance_enhanced
2023-04-26,0.1339869748212646,44,213,56.699348741063226,0.272667318956869,True,vader_finance_enhanced
2023-04-27,0.13079189329805996,45,250,56.53959466490299,0.20278588890850302,True,vader_finance_enhanced
2023-04-28,0.14543228979593384,43,224,57.2716144897967,0.5229942580271618,True,vader_finance_enhanced
2023-05-01,0.06256577327578206,45,235,53.1282886637891,-1.2894260622364062,True,vader_finance_enhanced
2023-05-02,0.08047120238095237,45,183,54.02356011904762,-0.897806323456177,True,vader_finance_enhanced
2023-05-03,0.09716243368579949,40,180,54.858121684289976,-0.53274298958516,True,vader_finance_enhanced
2023-05-04,0.09352215818903319,44,197,54.67610790945165,-0.6123615081226486,True,vader_finance_enhanced
2023-05-05,0.1251097212543554,41,98,56.25548606271777,0.07850789934513967,True,vader_finance_enhanced
2023-05-08,0.12033070505474917,44,188,56.016535252737455,-0.026016659364031476,True,vader_finance_enhanced
2023-05-09,0.10872105121605122,37,143,55.436052560802565,-0.2799379464180751,True,vader_finance_enhanced
2023-05-10,0.08037916435867656,41,145,54.01895821793383,-0.8998193389516331,True,vader_finance_enhanced
2023-05-11,0.16572359986912313,43,159,58.28617999345616,0.9667969451169912,True,vader_finance_enhanced
2023-05-12,0.10503246843434344,36,119,55.25162342171717,-0.36061302083025637,True,vader_finance_enhanced
2023-05-15,0.11202011044511044,46,209,55.60100552225552,-0.20778236132061378,True,vader_finance_enhanced
2023-05-16,0.0794021264846265,39,161,53.970106324231324,-0.9211886853530211,True,vader_finance_enhanced
2023-05-17,0.042268395135566184,38,149,52.11341975677831,-1.7333614674426177,True,vader_finance_enhanced
2023-05-18,0.10081543154761906,42,184,55.04077157738095,-0.4528462130260647,True,vader_finance_enhanced
2023-05-19,0.11854854150955255,40,159,55.92742707547763,-0.06499536341709537,True,vader_finance_enhanced
2023-05-22,0.09185207094042322,44,245,54.592603547021156,-0.648888928281039,True,vader_finance_enhanced
2023-05-23,0.09050875160875162,37,110,54.52543758043758,-0.6782694230280628,True,vader_finance_enhanced
2023-05-24,0.0441008768873403,41,152,52.20504384436702,-1.6932822255135822,True,vader_finance_enhanced
2023-05-25,0.09344775253086877,41,245,54.67238762654344,-0.6139888762378145,True,vader_finance_enhanced
2023-05-26,0.1471627759948652,38,151,57.358138799743266,0.5608426976935761,True,vader_finance_enhanced
2023-05-30,0.12306837677105222,45,329,56.15341883855262,0.03386050281439604,True,vader_finance_enhanced
2023-05-31,0.14482246508201943,40,191,57.24112325410097,0.5096564377625847,True,vader_finance_enhanced
2023-06-01,0.11059624283996625,47,203,55.52981214199831,-0.2389245727866984,True,vader_finance_enhanced
2023-06-02,0.07124015267627111,38,193,53.56200763381356,-1.0997038179412835,True,vader_finance_enhanced
2023-06-05,0.08251851735385828,44,246,54.125925867692914,-0.8530283429799231,True,vader_finance_enhanced
2023-06-06,0.14490841710758376,36,126,57.245420855379194,0.511536342991408,True,vader_finance_enhanced
2023-06-07,0.19936662280701753,38,136,59.96833114035087,1.7026224747554302,True,vader_finance_enhanced
2023-06-08,0.10034387331103241,44,186,55.01719366555162,-0.4631599291814851,True,vader_finance_enhanced
2023-06-09,0.10771874821085348,39,164,55.385937410542674,-0.3018598807525522,True,vader_finance_enhanced
2023-06-12,0.12173309523809525,42,224,56.08665476190476,0.00465580729644987,True,vader_finance_enhanced
2023-06-13,0.12959874390771106,43,183,56.47993719538555,0.17668984564532872,True,vader_finance_enhanced
2023-06-14,0.18380817832747134,35,161,59.19040891637357,1.3623349604424007,True,vader_finance_enhanced
2023-06-15,0.10437748415690812,42,164,55.2188742078454,-0.3749385513789943,True,vader_finance_enhanced
2023-06-16,0.12149059530279502,40,151,56.074529765139744,-0.0006480455606188982,True,vader_finance_enhanced
2023-06-20,0.07332388465637706,42,305,53.66619423281885,-1.054129340561042,True,vader_finance_enhanced
2023-06-21,0.10107742918192918,39,183,55.053871459096456,-0.4471159149970753,True,vader_finance_enhanced
2023-06-22,0.12126736251402917,45,175,56.063368125701466,-0.005530495788992354,True,vader_finance_enhanced
2023-06-23,0.09081528068137824,41,163,54.540764034068914,-0.6715651527955263,True,vader_finance_enhanced
2023-06-26,0.1512134119253762,42,220,57.560670596268814,0.6494364407244242,True,vader_finance_enhanced
2023-06-27,0.1744220987654321,45,166,58.72110493827161,1.1570467205088013,True,vader_finance_enhanced
2023-06-28,0.08891124837338776,39,186,54.44556241866939,-0.7132093172947193,True,vader_finance_enhanced
2023-06-29,0.10134650778829757,44,221,55.067325389414876,-0.4412307450344683,True,vader_finance_enhanced
2023-06-30,0.054234115158379524,41,185,52.71170575791898,-1.4716524560512958,True,vader_finance_enhanced
2023-07-03,0.15788158176448874,43,218,57.89407908822444,0.7952797441826696,True,vader_finance_enhanced
2023-07-05,0.21027991056166057,40,225,60.51399552808303,1.941313146428452,True,vader_finance_enhanced
2023-07-06,0.11673281776798082,46,197,55.83664088839904,-0.10470808145332788,True,vader_finance_enhanced
2023-07-07,0.06382997448979592,42,158,53.1914987244898,-1.2617760044639956,True,vader_finance_enhanced
2023-07-10,0.10877667998459352,42,206,55.43883399922967,-0.2787212582461669,True,vader_finance_enhanced
2023-07-11,0.10130193743756245,44,190,55.065096871878126,-0.4422055683134697,True,vader_finance_enhanced
2023-07-12,0.13328658512030603,43,194,56.6643292560153,0.2573487007811921,True,vader_finance_enhanced
2023-07-13,0.12009864947552447,44,193,56.00493247377622,-0.03109207781866277,True,vader_finance_enhanced
2023-07-14,0.10205212303178848,40,217,55.10260615158943,-0.425797836070814,True,vader_finance_enhanced
2023-07-17,0.07696823280715387,45,277,53.848411640357696,-0.9744217467106766,True,vader_finance_enhanced
2023-07-18,0.13768996234625488,46,242,56.884498117312745,0.3536574476337853,True,vader_finance_enhanced
2023-07-19,0.12883331585347318,43,211,56.44166579267365,0.15994873696287107,True,vader_finance_enhanced
2023-07-20,0.10711224668008758,44,225,55.35561233400438,-0.3151250178041834,True,vader_finance_enhanced
2023-07-21,0.058888862831210656,45,195,52.94444314156054,-1.3698458443797759,True,vader_finance_enhanced
2023-07-24,0.14194169530122655,48,292,57.097084765061325,0.4466494971071206,True,vader_finance_enhanced
2023-07-25,0.08678405694197833,48,276,54.339202847098925,-0.7597343208459358,True,vader_finance_enhanced
2023-07-26,0.12037033344460518,43,254,56.018516672230255,-0.02514992449872686,True,vader_finance_enhanced
2023-07-27,0.13689970245621563,45,270,56.844985122810776,0.33637322786513985,True,vader_finance_enhanced
2023-07-28,0.17226213746075353,40,262,58.61310687303768,1.1098049885768158,True,vader_finance_enhanced
2023-07-31,0.17158934089449002,41,342,58.579467044724495,1.0950898754128275,True,vader_finance_enhanced
2023-08-01,0.19538344014645484,44,234,59.769172007322744,1.6155040402358647,True,vader_finance_enhanced
2023-08-02,0.10898129235172328,45,238,55.44906461758616,-0.2742460657614794,True,vader_finance_enhanced
2023-08-03,0.09601552835856028,47,248,54.80077641792801,-0.5578276028620001,True,vader_finance_enhanced
2023-08-04,0.039443352713178295,43,177,51.97216763565892,-1.795149563611681,True,vader_finance_enhanced
2023-08-07,0.1014963933982684,44,191,55.074819669913424,-0.43795251232198107,True,vader_finance_enhanced
2023-08-08,0.10158557359307359,33,173,55.079278679653676,-0.43600200198297473,True,vader_finance_enhanced
2023-08-09,0.10790444936746628,42,197,55.39522246837332,-0.2977983060191719,True,vader_finance_enhanced
2023-08-10,0.13366933504512918,45,168,56.683466752256464,0.26572004026135637,True,vader_finance_enhanced
2023-08-11,0.15024719496390548,38,165,57.51235974819527,0.6283037646051498,True,vader_finance_enhanced
2023-08-14,0.15439306477148582,38,223,57.71965323857429,0.7189804214741339,True,vader_finance_enhanced
2023-08-15,0.057403736824903503,45,196,52.87018684124517,-1.402327872887978,True,vader_finance_enhanced
2023-08-16,0.11217798219925927,38,164,55.60889910996296,-0.2043294591445532,True,vader_finance_enhanced
2023-08-17,0.09972041622483112,47,219,54.98602081124155,-0.4767959107491276,True,vader_finance_enhanced
2023-08-18,0.11567201441102758,38,176,55.78360072055138,-0.12790950997576755,True,vader_finance_enhanced
2023-08-21,0.07994388553615925,44,262,53.99719427680796,-0.9093395675800313,True,vader_finance_enhanced
2023-08-22,0.06343422052154195,42,195,53.1717110260771,-1.2704317627124315,True,vader_finance_enhanced
2023-08-23,0.15110321955821954,39,248,57.55516097791098,0.6470263613128668,True,vader_finance_enhanced
2023-08-24,0.09792864925073139,45,269,54.89643246253657,-0.5159846568121504,True,vader_finance_enhanced
2023-08-25,0.0833779217325228,42,183,54.16889608662614,-0.8342318251024486,True,vader_finance_enhanced
2023-08-28,0.14502664702765106,42,244,57.25133235138256,0.5141222162559249,True,vader_finance_enhanced
2023-08-29,0.10544507742257743,39,193,55.272253871128875,-0.35158861693345667,True,vader_finance_enhanced
2023-08-30,0.13944085581601062,38,163,56.97204279080053,0.3919522262302812,True,vader_finance_enhanced
2023-08-31,0.1406103492063492,45,189,57.03051746031746,0.41753087577503595,True,vader_finance_enhanced
2023-09-01,0.19232887043189367,43,153,59.61644352159469,1.548695823204248,True,vader_finance_enhanced
2023-09-05,0.1333905527950585,44,297,56.66952763975293,0.25962263643439515,True,vader_finance_enhanced
2023-09-06,0.19135216520798043,46,169,59.56760826039902,1.5273337523816204,True,vader_finance_enhanced
2023-09-07,0.12581251256613757,45,190,56.29062562830688,0.09387904450566933,True,vader_finance_enhanced
2023-09-08,0.15782891004526875,46,191,57.89144550226344,0.7941277313042916,True,vader_finance_enhanced
2023-09-11,0.11427930705277513,48,277,55.71396535263876,-0.15837019810742678,True,vader_finance_enhanced
2023-09-12,0.0688093701814059,42,194,53.44046850907029,-1.1528688328693975,True,vader_finance_enhanced
2023-09-13,0.12728436798296552,41,159,56.36421839914828,0.12607082446664147,True,vader_finance_enhanced
2023-09-14,0.1287146181102147,44,202,56.43573090551074,0.15735263167348332,True,vader_finance_enhanced
2023-09-15,0.0988356488784513,39,210,54.94178244392256,-0.4961471563984424,True,vader_finance_enhanced
2023-09-18,0.13602819156162382,43,226,56.8014095780812,0.31731192154963717,True,vader_finance_enhanced
2023-09-19,0.1278049202724359,40,177,56.39024601362179,0.13745611718576273,True,vader_finance_enhanced
2023-09-20,0.06990427362914862,40,180,53.49521368145743,-1.128921582028547,True,vader_finance_enhanced
2023-09-21,0.11040896286231883,46,202,55.52044814311594,-0.2430206788053959,True,vader_finance_enhanced
2023-09-22,0.08891802631578949,38,150,54.44590131578948,-0.7130610730936313,True,vader_finance_enhanced
2023-09-25,0.09787752511047154,42,251,54.89387625552358,-0.5171028217182427,True,vader_finance_enhanced
2023-09-26,0.1446005981416957,41,170,57.23002990708479,0.5048038607758396,True,vader_finance_enhanced
2023-09-27,0.10831493290043291,44,164,55.41574664502165,-0.2888203891533002,True,vader_finance_enhanced
2023-09-28,0.13806284095749213,43,179,56.90314204787461,0.3618128860470038,True,vader_finance_enhanced
2023-09-29,0.22499326286892396,41,196,61.2496631434462,2.2631171732019935,True,vader_finance_enhanced
2023-10-02,0.21534994167291044,48,282,60.76749708364553,2.0522026564051763,True,vader_finance_enhanced
2023-10-03,0.2193103595848596,45,166,60.965517979242975,2.1388231902682944,True,vader_finance_enhanced
2023-10-04,0.10918443772466849,39,161,55.45922188623342,-0.26980295873400023,True,vader_finance_enhanced
2023-10-05,0.1433080067155067,45,192,57.16540033577533,0.4765328646606148,True,vader_finance_enhanced
2023-10-06,0.14410687922494173,40,189,57.20534396124709,0.4940054558856591,True,vader_finance_enhanced
2023-10-09,0.10148674446218817,43,268,55.0743372231094,-0.43816354964507737,True,vader_finance_enhanced
2023-10-10,0.12761502529216817,42,200,56.380751264608406,0.13330281696987184,True,vader_finance_enhanced
2023-10-11,0.10480223072365806,38,199,55.2401115361829,-0.3656486796567701,True,vader_finance_enhanced
2023-10-12,0.15866169076479075,45,197,57.933084538239534,0.8123419481166798,True,vader_finance_enhanced
2023-10-13,0.13143102206736354,41,198,56.57155110336818,0.2167646346962442,True,vader_finance_enhanced
2023-10-16,0.12769941638981175,43,242,56.38497081949059,0.13514858226376314,True,vader_finance_enhanced
2023-10-17,0.11840311060573917,41,244,55.92015553028696,-0.06817616473871911,True,vader_finance_enhanced
2023-10-18,0.05507086269727889,44,301,52.753543134863946,-1.453351478694984,True,vader_finance_enhanced
2023-10-19,0.14787461801081367,46,234,57.39373090054068,0.5764117959096042,True,vader_finance_enhanced
2023-10-20,0.10145356060624823,44,194,55.07267803031242,-0.4388893324743292,True,vader_finance_enhanced
2023-10-23,0.10301431996398662,45,316,55.15071599819933,-0.4047530842790926,True,vader_finance_enhanced
2023-10-24,0.17919064193053322,42,284,58.95953209652666,1.2613422175734266,True,vader_finance_enhanced
2023-10-25,0.14908136034078703,42,248,57.45406801703935,0.602805138021844,True,vader_finance_enhanced
2023-10-26,0.16375957116447007,48,272,58.187978558223506,0.9238405655878904,True,vader_finance_enhanced
2023-10-27,0.11688148866459211,39,242,55.84407443322961,-0.10145641642183623,True,vader_finance_enhanced
2023-10-30,0.14186691111214367,43,255,57.093345555607186,0.44501384992874204,True,vader_finance_enhanced
2023-10-31,0.1421900456079175,44,216,57.10950228039587,0.45208130673653735,True,vader_finance_enhanced
2023-11-01,0.140335643390426,44,207,57.0167821695213,0.41152262993845945,True,vader_finance_enhanced
2023-11-02,0.16878982637943338,47,273,58.43949131897167,1.0338601145029722,True,vader_finance_enhanced
2023-11-03,0.14886577976190477,40,140,57.44328898809524,0.5980900535917486,True,vader_finance_enhanced
2023-11-06,0.1362150818746471,46,240,56.81075409373235,0.32139950499356557,True,vader_finance_enhanced
2023-11-07,0.19470893819143817,42,181,59.73544690957191,1.6007516275526017,True,vader_finance_enhanced
2023-11-08,0.07734503686484456,39,172,53.86725184324222,-0.9661804526440881,True,vader_finance_enhanced
2023-11-09,0.1698458187345468,45,198,58.49229093672734,1.0569563188907254,True,vader_finance_enhanced
2023-11-10,0.11393620214326737,39,151,55.696810107163365,-0.1658744390974873,True,vader_finance_enhanced
2023-11-13,0.11622833963283778,47,252,55.81141698164189,-0.11574180727719022,True,vader_finance_enhanced
2023-11-14,0.16933211317676833,37,200,58.46660565883841,1.0457207749020552,True,vader_finance_enhanced
2023-11-15,0.16012086127086128,37,149,58.00604306354307,0.844256289240074,True,vader_finance_enhanced
2023-11-16,0.07481659468438538,43,177,53.74082973421926,-1.021481437636758,True,vader_finance_enhanced
2023-11-17,0.13935315337301588,40,144,56.967657668650794,0.3900340366345863,True,vader_finance_enhanced
2023-11-20,0.13407163432830793,41,190,56.7035817164154,0.2745189547841278,True,vader_finance_enhanced
2023-11-21,0.09817738010701356,42,199,54.90886900535068,-0.510544523967991,True,vader_finance_enhanced
2023-11-22,0.08059222286401627,41,192,54.02961114320082,-0.8951594162144592,True,vader_finance_enhanced
2023-11-24,0.08543321509670347,43,237,54.271660754835175,-0.7892793447307409,True,vader_finance_enhanced
2023-11-27,0.11140568427848183,43,237,55.57028421392409,-0.22122082255276349,True,vader_finance_enhanced
2023-11-28,0.1084818906641604,38,146,55.42409453320802,-0.28516876173715455,True,vader_finance_enhanced
2023-11-29,0.11391310064935065,44,195,55.69565503246753,-0.16637970490038775,True,vader_finance_enhanced
2023-11-30,0.13490326479076478,44,176,56.74516323953824,0.2927080136754888,True,vader_finance_enhanced
2023-12-01,0.08734317419467788,40,129,54.3671587097339,-0.7475055520650473,True,vader_finance_enhanced
2023-12-04,0.13245169113247665,41,220,56.622584556623835,0.23908826348575124,True,vader_finance_enhanced
2023-12-05,0.10646318151147098,38,168,55.32315907557355,-0.32932108818551703,True,vader_finance_enhanced
2023-12-06,0.1286661198426896,43,198,56.43330599213448,0.15629189871098836,True,vader_finance_enhanced
2023-12-07,0.09265113862433862,45,210,54.63255693121694,-0.6314120682848543,True,vader_finance_enhanced
2023-12-08,0.08526254751819268,45,193,54.26312737590963,-0.7930121115983806,True,vader_finance_enhanced
2023-12-11,0.11057617776948542,50,394,55.528808888474266,-0.23936342726006257,True,vader_finance_enhanced
2023-12-12,0.10378435386218719,45,264,55.18921769310936,-0.38791123858558996,True,vader_finance_enhanced
2023-12-13,0.17981795797304428,46,204,58.990897898652214,1.275062600551006,True,vader_finance_enhanced
2023-12-14,0.11949364864864864,37,120,55.97468243243243,-0.044324392129103864,True,vader_finance_enhanced
2023-12-15,0.06743943315943317,30,108,53.37197165797166,-1.182831498133611,True,vader_finance_enhanced
2023-12-18,0.1496432338940821,44,288,57.482161694704104,0.6150941914076349,True,vader_finance_enhanced
2023-12-19,0.2082166666666667,1,6,60.410833333333336,1.8961867755131587,True,vader_finance_enhanced
2023-12-20,-0.012939999999999997,1,5,49.353,-2.940855415477797,True,vader_finance_enhanced
2023-12-21,0.1073375,1,8,55.36687500000001,-0.3101983753995057,True,vader_finance_enhanced
2023-12-22,0.1871,1,5,59.355000000000004,1.4343322488589356,True,vader_finance_enhanced
2023-12-26,0.21273,1,10,60.636500000000005,1.9949004344065786,True,vader_finance_enhanced
2023-12-27,0.181675,1,4,59.08375,1.3156790141107517,True,vader_finance_enhanced
2023-12-28,0.08514999999999999,1,10,54.2575,-0.7954737018465728,True,vader_finance_enhanced
2023-12-29,0.1398375,1,8,56.991875,0.4006274548891557,True,vader_finance_enhanced
